{
  "dataset_revision": "ae001d0e6b1228650b7bd1c2c65fb50ad11a8aba",
  "mteb_dataset_name": "MTOPIntentClassification",
  "mteb_version": "1.1.1",
  "test": {
    "es": {
      "accuracy": 0.6659106070713809,
      "accuracy_stderr": 0.01147955106551365,
      "f1": 0.4556629396458189,
      "f1_stderr": 0.008120826136162898,
      "main_score": 0.6659106070713809
    },
    "evaluation_time": 74.85
  },
  "validation": {
    "es": {
      "accuracy": 0.6698755730189914,
      "accuracy_stderr": 0.01814723523803665,
      "f1": 0.4371930462578926,
      "f1_stderr": 0.010185798603599118,
      "main_score": 0.6698755730189914
    },
    "evaluation_time": 66.31
  }
}