{
  "dataset_revision": "7d571f92784cd94a019292a1f45445077d0ef634",
  "mteb_dataset_name": "MassiveScenarioClassification",
  "mteb_version": "1.1.1",
  "test": {
    "es": {
      "accuracy": 0.5482178883658372,
      "accuracy_stderr": 0.019817617388854396,
      "f1": 0.5326008604217796,
      "f1_stderr": 0.01830565953868972,
      "main_score": 0.5482178883658372
    },
    "evaluation_time": 28.95
  },
  "validation": {
    "es": {
      "accuracy": 0.536694540088539,
      "accuracy_stderr": 0.028431954052779713,
      "f1": 0.526995563025894,
      "f1_stderr": 0.027563486339162634,
      "main_score": 0.536694540088539
    },
    "evaluation_time": 23.03
  }
}