{
  "dataset_revision": "31efe3c427b0bae9c22cbb560b8f15491cc6bed7",
  "mteb_dataset_name": "MassiveIntentClassification",
  "mteb_version": "1.1.1",
  "test": {
    "es": {
      "accuracy": 0.5029926025554808,
      "accuracy_stderr": 0.0127299316323427,
      "f1": 0.4743998239333547,
      "f1_stderr": 0.014234461765030411,
      "main_score": 0.5029926025554808
    },
    "evaluation_time": 63.7
  },
  "validation": {
    "es": {
      "accuracy": 0.5098868666994589,
      "accuracy_stderr": 0.01210714080560374,
      "f1": 0.4804865677543891,
      "f1_stderr": 0.013410987834272919,
      "main_score": 0.5098868666994589
    },
    "evaluation_time": 55.74
  }
}