{
  "dataset_revision": "efa78cc2f74bbcd21eff2261f9e13aebe40b814e",
  "evaluation_time": 7.05264139175415,
  "kg_co2_emissions": null,
  "mteb_version": "1.12.39",
  "scores": {
    "test": [
      {
        "hf_subset": "es",
        "languages": [
          "spa-Latn"
        ],
        "main_score": 0.2836,
        "map_at_1": 0.15759,
        "map_at_10": 0.2395,
        "map_at_100": 0.24909,
        "map_at_1000": 0.25023,
        "map_at_20": 0.24509,
        "map_at_3": 0.21528,
        "map_at_5": 0.22965,
        "mrr_at_1": 0.15759075907590758,
        "mrr_at_10": 0.23949722353187702,
        "mrr_at_100": 0.24908622523828003,
        "mrr_at_1000": 0.2502319149307796,
        "mrr_at_20": 0.24509243420996593,
        "mrr_at_3": 0.2152777777777775,
        "mrr_at_5": 0.22965484048404824,
        "nauc_map_at_1000_diff1": 0.2806210376472332,
        "nauc_map_at_1000_max": 0.3174306923701855,
        "nauc_map_at_1000_std": 0.1706411574885985,
        "nauc_map_at_100_diff1": 0.28025784064834797,
        "nauc_map_at_100_max": 0.3174188148243739,
        "nauc_map_at_100_std": 0.1710298026614719,
        "nauc_map_at_10_diff1": 0.27972316231989286,
        "nauc_map_at_10_max": 0.3157232326121595,
        "nauc_map_at_10_std": 0.1680506426386125,
        "nauc_map_at_1_diff1": 0.3574576867174328,
        "nauc_map_at_1_max": 0.32803431303885816,
        "nauc_map_at_1_std": 0.08966084129264282,
        "nauc_map_at_20_diff1": 0.27929287579638706,
        "nauc_map_at_20_max": 0.31683000891048013,
        "nauc_map_at_20_std": 0.1700909955097024,
        "nauc_map_at_3_diff1": 0.2974469826861232,
        "nauc_map_at_3_max": 0.318484096985998,
        "nauc_map_at_3_std": 0.14924317136481072,
        "nauc_map_at_5_diff1": 0.28554849796682286,
        "nauc_map_at_5_max": 0.31653047860796735,
        "nauc_map_at_5_std": 0.1609951936275703,
        "nauc_mrr_at_1000_diff1": 0.2806210376472332,
        "nauc_mrr_at_1000_max": 0.3174306923701855,
        "nauc_mrr_at_1000_std": 0.1706411574885985,
        "nauc_mrr_at_100_diff1": 0.28025784064834797,
        "nauc_mrr_at_100_max": 0.3174188148243739,
        "nauc_mrr_at_100_std": 0.1710298026614719,
        "nauc_mrr_at_10_diff1": 0.27972316231989286,
        "nauc_mrr_at_10_max": 0.3157232326121595,
        "nauc_mrr_at_10_std": 0.1680506426386125,
        "nauc_mrr_at_1_diff1": 0.3574576867174328,
        "nauc_mrr_at_1_max": 0.32803431303885816,
        "nauc_mrr_at_1_std": 0.08966084129264282,
        "nauc_mrr_at_20_diff1": 0.27929287579638706,
        "nauc_mrr_at_20_max": 0.31683000891048013,
        "nauc_mrr_at_20_std": 0.1700909955097024,
        "nauc_mrr_at_3_diff1": 0.2974469826861232,
        "nauc_mrr_at_3_max": 0.318484096985998,
        "nauc_mrr_at_3_std": 0.14924317136481072,
        "nauc_mrr_at_5_diff1": 0.28554849796682286,
        "nauc_mrr_at_5_max": 0.31653047860796735,
        "nauc_mrr_at_5_std": 0.1609951936275703,
        "nauc_ndcg_at_1000_diff1": 0.2623118931788109,
        "nauc_ndcg_at_1000_max": 0.3166414453263883,
        "nauc_ndcg_at_1000_std": 0.1999737837287591,
        "nauc_ndcg_at_100_diff1": 0.25372573862982645,
        "nauc_ndcg_at_100_max": 0.317144129156677,
        "nauc_ndcg_at_100_std": 0.21303978352722364,
        "nauc_ndcg_at_10_diff1": 0.24927780207686157,
        "nauc_ndcg_at_10_max": 0.3092045193499185,
        "nauc_ndcg_at_10_std": 0.19987251933520317,
        "nauc_ndcg_at_1_diff1": 0.3574576867174328,
        "nauc_ndcg_at_1_max": 0.32803431303885816,
        "nauc_ndcg_at_1_std": 0.08966084129264282,
        "nauc_ndcg_at_20_diff1": 0.24808183603204273,
        "nauc_ndcg_at_20_max": 0.3127154141390978,
        "nauc_ndcg_at_20_std": 0.2071682526367811,
        "nauc_ndcg_at_3_diff1": 0.2816245744839948,
        "nauc_ndcg_at_3_max": 0.31406940069509504,
        "nauc_ndcg_at_3_std": 0.1650829721911416,
        "nauc_ndcg_at_5_diff1": 0.26196199437271406,
        "nauc_ndcg_at_5_max": 0.31081712184948707,
        "nauc_ndcg_at_5_std": 0.1847691236860679,
        "nauc_precision_at_1000_diff1": 0.18403348053613416,
        "nauc_precision_at_1000_max": 0.3572955192310904,
        "nauc_precision_at_1000_std": 0.5040458070884974,
        "nauc_precision_at_100_diff1": 0.177788191242803,
        "nauc_precision_at_100_max": 0.3285446967447927,
        "nauc_precision_at_100_std": 0.3643519273418131,
        "nauc_precision_at_10_diff1": 0.17226284118296495,
        "nauc_precision_at_10_max": 0.29273259109007543,
        "nauc_precision_at_10_std": 0.28071988600661435,
        "nauc_precision_at_1_diff1": 0.3574576867174328,
        "nauc_precision_at_1_max": 0.32803431303885816,
        "nauc_precision_at_1_std": 0.08966084129264282,
        "nauc_precision_at_20_diff1": 0.16673939110190678,
        "nauc_precision_at_20_max": 0.30392178980959955,
        "nauc_precision_at_20_std": 0.30841522152222134,
        "nauc_precision_at_3_diff1": 0.24299635901158625,
        "nauc_precision_at_3_max": 0.30278291736476437,
        "nauc_precision_at_3_std": 0.20378860057436296,
        "nauc_precision_at_5_diff1": 0.2040566837676211,
        "nauc_precision_at_5_max": 0.29643258689736457,
        "nauc_precision_at_5_std": 0.24331680809006553,
        "nauc_recall_at_1000_diff1": 0.1840334805361303,
        "nauc_recall_at_1000_max": 0.35729551923108493,
        "nauc_recall_at_1000_std": 0.5040458070884997,
        "nauc_recall_at_100_diff1": 0.17778819124280318,
        "nauc_recall_at_100_max": 0.3285446967447927,
        "nauc_recall_at_100_std": 0.36435192734181315,
        "nauc_recall_at_10_diff1": 0.17226284118296473,
        "nauc_recall_at_10_max": 0.2927325910900757,
        "nauc_recall_at_10_std": 0.28071988600661457,
        "nauc_recall_at_1_diff1": 0.3574576867174328,
        "nauc_recall_at_1_max": 0.32803431303885816,
        "nauc_recall_at_1_std": 0.08966084129264282,
        "nauc_recall_at_20_diff1": 0.16673939110190691,
        "nauc_recall_at_20_max": 0.30392178980959944,
        "nauc_recall_at_20_std": 0.3084152215222215,
        "nauc_recall_at_3_diff1": 0.24299635901158634,
        "nauc_recall_at_3_max": 0.3027829173647644,
        "nauc_recall_at_3_std": 0.20378860057436296,
        "nauc_recall_at_5_diff1": 0.2040566837676213,
        "nauc_recall_at_5_max": 0.2964325868973647,
        "nauc_recall_at_5_std": 0.2433168080900657,
        "ndcg_at_1": 0.15759,
        "ndcg_at_10": 0.2836,
        "ndcg_at_100": 0.33409,
        "ndcg_at_1000": 0.36971,
        "ndcg_at_20": 0.30388,
        "ndcg_at_3": 0.23385,
        "ndcg_at_5": 0.25981,
        "precision_at_1": 0.15759,
        "precision_at_10": 0.04241,
        "precision_at_100": 0.0067,
        "precision_at_1000": 0.00096,
        "precision_at_20": 0.02521,
        "precision_at_3": 0.09585,
        "precision_at_5": 0.07013,
        "recall_at_1": 0.15759,
        "recall_at_10": 0.42409,
        "recall_at_100": 0.66955,
        "recall_at_1000": 0.96122,
        "recall_at_20": 0.50413,
        "recall_at_3": 0.28754,
        "recall_at_5": 0.35066
      }
    ]
  },
  "task_name": "MintakaRetrieval"
}