{
  "dataset_revision": "d28a029f35c4ff7f616df47b0edf54e6882395e6",
  "evaluation_time": 26.019325494766235,
  "kg_co2_emissions": null,
  "mteb_version": "1.12.39",
  "scores": {
    "test": [
      {
        "hf_subset": "es",
        "languages": [
          "spa-Latn"
        ],
        "main_score": 0.82005,
        "map_at_1": 0.21656,
        "map_at_10": 0.71975,
        "map_at_100": 0.73892,
        "map_at_1000": 0.73894,
        "map_at_20": 0.73705,
        "map_at_3": 0.43125,
        "map_at_5": 0.55387,
        "mrr_at_1": 0.7407407407407407,
        "mrr_at_10": 0.83654651675485,
        "mrr_at_100": 0.8369139476778366,
        "mrr_at_1000": 0.8369139476778366,
        "mrr_at_20": 0.8369139476778366,
        "mrr_at_3": 0.820730452674897,
        "mrr_at_5": 0.8330761316872427,
        "nauc_map_at_1000_diff1": 0.12630888607994345,
        "nauc_map_at_1000_max": 0.2452669576658864,
        "nauc_map_at_1000_std": 0.07986195329624464,
        "nauc_map_at_100_diff1": 0.1263918750152354,
        "nauc_map_at_100_max": 0.2453542613463867,
        "nauc_map_at_100_std": 0.07994826484766877,
        "nauc_map_at_10_diff1": 0.12092950262910344,
        "nauc_map_at_10_max": 0.255820765791503,
        "nauc_map_at_10_std": 0.06292119073022297,
        "nauc_map_at_1_diff1": 0.2776684811776689,
        "nauc_map_at_1_max": 0.02462544747250985,
        "nauc_map_at_1_std": -0.13602913083365026,
        "nauc_map_at_20_diff1": 0.12404948268972653,
        "nauc_map_at_20_max": 0.24764999198492982,
        "nauc_map_at_20_std": 0.07930559368779662,
        "nauc_map_at_3_diff1": 0.2151688439519292,
        "nauc_map_at_3_max": 0.08745515754553647,
        "nauc_map_at_3_std": -0.08630046963849108,
        "nauc_map_at_5_diff1": 0.2115974902794902,
        "nauc_map_at_5_max": 0.13824266385127668,
        "nauc_map_at_5_std": -0.042399807732673114,
        "nauc_mrr_at_1000_diff1": 0.23414829125131517,
        "nauc_mrr_at_1000_max": 0.2764703877705055,
        "nauc_mrr_at_1000_std": 0.12510892155281064,
        "nauc_mrr_at_100_diff1": 0.23414829125131517,
        "nauc_mrr_at_100_max": 0.2764703877705055,
        "nauc_mrr_at_100_std": 0.12510892155281064,
        "nauc_mrr_at_10_diff1": 0.23406026909849903,
        "nauc_mrr_at_10_max": 0.2766646985158662,
        "nauc_mrr_at_10_std": 0.12475925372686632,
        "nauc_mrr_at_1_diff1": 0.2314851389882168,
        "nauc_mrr_at_1_max": 0.2596458254210836,
        "nauc_mrr_at_1_std": 0.11088487462121062,
        "nauc_mrr_at_20_diff1": 0.23414829125131517,
        "nauc_mrr_at_20_max": 0.2764703877705055,
        "nauc_mrr_at_20_std": 0.12510892155281064,
        "nauc_mrr_at_3_diff1": 0.2198942139524294,
        "nauc_mrr_at_3_max": 0.2791540181590473,
        "nauc_mrr_at_3_std": 0.13696697659412918,
        "nauc_mrr_at_5_diff1": 0.23994451876927358,
        "nauc_mrr_at_5_max": 0.2844686571257038,
        "nauc_mrr_at_5_std": 0.12830220063287182,
        "nauc_ndcg_at_1000_diff1": 0.14769155739514844,
        "nauc_ndcg_at_1000_max": 0.2671784102843396,
        "nauc_ndcg_at_1000_std": 0.10696168244243037,
        "nauc_ndcg_at_100_diff1": 0.14801917483141677,
        "nauc_ndcg_at_100_max": 0.2685943376522826,
        "nauc_ndcg_at_100_std": 0.10791340900659142,
        "nauc_ndcg_at_10_diff1": 0.1345051372587822,
        "nauc_ndcg_at_10_max": 0.29005084669769515,
        "nauc_ndcg_at_10_std": 0.07896082378630781,
        "nauc_ndcg_at_1_diff1": 0.2258659822062612,
        "nauc_ndcg_at_1_max": 0.2584942266018811,
        "nauc_ndcg_at_1_std": 0.12314633857036736,
        "nauc_ndcg_at_20_diff1": 0.1418083456864262,
        "nauc_ndcg_at_20_max": 0.27384089732365224,
        "nauc_ndcg_at_20_std": 0.1062505422762453,
        "nauc_ndcg_at_3_diff1": 0.12715949164982834,
        "nauc_ndcg_at_3_max": 0.22375142370924314,
        "nauc_ndcg_at_3_std": 0.08082596411674717,
        "nauc_ndcg_at_5_diff1": 0.18209856522078008,
        "nauc_ndcg_at_5_max": 0.22750575840697287,
        "nauc_ndcg_at_5_std": 0.04579318883289008,
        "nauc_precision_at_1000_diff1": -0.12724036600345565,
        "nauc_precision_at_1000_max": 0.14531482215685915,
        "nauc_precision_at_1000_std": 0.20154485697630725,
        "nauc_precision_at_100_diff1": -0.12640971832132333,
        "nauc_precision_at_100_max": 0.14690463912326707,
        "nauc_precision_at_100_std": 0.20262040598961736,
        "nauc_precision_at_10_diff1": -0.14123426873895367,
        "nauc_precision_at_10_max": 0.1886604907286534,
        "nauc_precision_at_10_std": 0.19860785067518957,
        "nauc_precision_at_1_diff1": 0.2258659822062612,
        "nauc_precision_at_1_max": 0.2584942266018811,
        "nauc_precision_at_1_std": 0.12314633857036736,
        "nauc_precision_at_20_diff1": -0.13264697639378065,
        "nauc_precision_at_20_max": 0.15753878545465452,
        "nauc_precision_at_20_std": 0.20676187031467108,
        "nauc_precision_at_3_diff1": -0.04452222765963082,
        "nauc_precision_at_3_max": 0.23137815192532826,
        "nauc_precision_at_3_std": 0.16010343768927882,
        "nauc_precision_at_5_diff1": -0.0737741692006809,
        "nauc_precision_at_5_max": 0.20756908304274746,
        "nauc_precision_at_5_std": 0.18471296534154105,
        "nauc_recall_at_1000_diff1": NaN,
        "nauc_recall_at_1000_max": NaN,
        "nauc_recall_at_1000_std": NaN,
        "nauc_recall_at_100_diff1": 0.1709319490351383,
        "nauc_recall_at_100_max": 0.8471351008532184,
        "nauc_recall_at_100_std": 0.46714515859322125,
        "nauc_recall_at_10_diff1": 0.025262835945452866,
        "nauc_recall_at_10_max": 0.34450763325560557,
        "nauc_recall_at_10_std": -0.06212323562311667,
        "nauc_recall_at_1_diff1": 0.2776684811776689,
        "nauc_recall_at_1_max": 0.02462544747250985,
        "nauc_recall_at_1_std": -0.13602913083365026,
        "nauc_recall_at_20_diff1": -0.08617349532033955,
        "nauc_recall_at_20_max": 0.4389744693933162,
        "nauc_recall_at_20_std": 0.07762718661771986,
        "nauc_recall_at_3_diff1": 0.17826121205791354,
        "nauc_recall_at_3_max": 0.03707294936568367,
        "nauc_recall_at_3_std": -0.09965646197786593,
        "nauc_recall_at_5_diff1": 0.21216940467879947,
        "nauc_recall_at_5_max": 0.06867350110815043,
        "nauc_recall_at_5_std": -0.09714400236827504,
        "ndcg_at_1": 0.74228,
        "ndcg_at_10": 0.82005,
        "ndcg_at_100": 0.84305,
        "ndcg_at_1000": 0.84333,
        "ndcg_at_20": 0.83972,
        "ndcg_at_3": 0.72298,
        "ndcg_at_5": 0.73977,
        "precision_at_1": 0.74228,
        "precision_at_10": 0.43102,
        "precision_at_100": 0.04608,
        "precision_at_1000": 0.00461,
        "precision_at_20": 0.22747,
        "precision_at_3": 0.6322,
        "precision_at_5": 0.56111,
        "recall_at_1": 0.21656,
        "recall_at_10": 0.94477,
        "recall_at_100": 0.99829,
        "recall_at_1000": 1.0,
        "recall_at_20": 0.98912,
        "recall_at_3": 0.48893,
        "recall_at_5": 0.67207
      }
    ]
  },
  "task_name": "MIRACLRetrieval"
}