{
  "dataset_revision": "main",
  "evaluation_time": 2.769134283065796,
  "kg_co2_emissions": null,
  "mteb_version": "1.12.39",
  "scores": {
    "test": [
      {
        "hf_subset": "spanish",
        "languages": [
          "spa-Latn"
        ],
        "main_score": 0.80811,
        "map_at_1": 0.64815,
        "map_at_10": 0.76132,
        "map_at_100": 0.76463,
        "map_at_1000": 0.76463,
        "map_at_20": 0.76463,
        "map_at_3": 0.7428,
        "map_at_5": 0.75638,
        "mrr_at_1": 0.6481481481481481,
        "mrr_at_10": 0.7613242210464433,
        "mrr_at_100": 0.76462508910121,
        "mrr_at_1000": 0.76462508910121,
        "mrr_at_20": 0.76462508910121,
        "mrr_at_3": 0.742798353909465,
        "mrr_at_5": 0.7563786008230452,
        "nauc_map_at_1000_diff1": 0.772840349093797,
        "nauc_map_at_1000_max": 0.4787301617344485,
        "nauc_map_at_1000_std": -0.14127558303114432,
        "nauc_map_at_100_diff1": 0.772840349093797,
        "nauc_map_at_100_max": 0.4787301617344485,
        "nauc_map_at_100_std": -0.14127558303114432,
        "nauc_map_at_10_diff1": 0.7737500191347674,
        "nauc_map_at_10_max": 0.48244052308368274,
        "nauc_map_at_10_std": -0.1424842086527368,
        "nauc_map_at_1_diff1": 0.7860594868890265,
        "nauc_map_at_1_max": 0.4578575739024529,
        "nauc_map_at_1_std": -0.13305248030016928,
        "nauc_map_at_20_diff1": 0.772840349093797,
        "nauc_map_at_20_max": 0.4787301617344485,
        "nauc_map_at_20_std": -0.14127558303114432,
        "nauc_map_at_3_diff1": 0.7613196872597994,
        "nauc_map_at_3_max": 0.4763938838866817,
        "nauc_map_at_3_std": -0.14976860569300143,
        "nauc_map_at_5_diff1": 0.7707584639023404,
        "nauc_map_at_5_max": 0.48123118602793447,
        "nauc_map_at_5_std": -0.14643527476734586,
        "nauc_mrr_at_1000_diff1": 0.772840349093797,
        "nauc_mrr_at_1000_max": 0.4787301617344485,
        "nauc_mrr_at_1000_std": -0.14127558303114432,
        "nauc_mrr_at_100_diff1": 0.772840349093797,
        "nauc_mrr_at_100_max": 0.4787301617344485,
        "nauc_mrr_at_100_std": -0.14127558303114432,
        "nauc_mrr_at_10_diff1": 0.7737500191347674,
        "nauc_mrr_at_10_max": 0.48244052308368274,
        "nauc_mrr_at_10_std": -0.1424842086527368,
        "nauc_mrr_at_1_diff1": 0.7860594868890265,
        "nauc_mrr_at_1_max": 0.4578575739024529,
        "nauc_mrr_at_1_std": -0.13305248030016928,
        "nauc_mrr_at_20_diff1": 0.772840349093797,
        "nauc_mrr_at_20_max": 0.4787301617344485,
        "nauc_mrr_at_20_std": -0.14127558303114432,
        "nauc_mrr_at_3_diff1": 0.7613196872597994,
        "nauc_mrr_at_3_max": 0.4763938838866817,
        "nauc_mrr_at_3_std": -0.14976860569300143,
        "nauc_mrr_at_5_diff1": 0.7707584639023404,
        "nauc_mrr_at_5_max": 0.48123118602793447,
        "nauc_mrr_at_5_std": -0.14643527476734586,
        "nauc_ndcg_at_1000_diff1": 0.7720516732537748,
        "nauc_ndcg_at_1000_max": 0.4833287716817668,
        "nauc_ndcg_at_1000_std": -0.14120035412947254,
        "nauc_ndcg_at_100_diff1": 0.7720516732537748,
        "nauc_ndcg_at_100_max": 0.4833287716817668,
        "nauc_ndcg_at_100_std": -0.14120035412947254,
        "nauc_ndcg_at_10_diff1": 0.7748287594226888,
        "nauc_ndcg_at_10_max": 0.5002358941418021,
        "nauc_ndcg_at_10_std": -0.1454882949880987,
        "nauc_ndcg_at_1_diff1": 0.7860594868890265,
        "nauc_ndcg_at_1_max": 0.4578575739024529,
        "nauc_ndcg_at_1_std": -0.13305248030016928,
        "nauc_ndcg_at_20_diff1": 0.7720516732537748,
        "nauc_ndcg_at_20_max": 0.4833287716817668,
        "nauc_ndcg_at_20_std": -0.14120035412947254,
        "nauc_ndcg_at_3_diff1": 0.7505278397370317,
        "nauc_ndcg_at_3_max": 0.4877250344501435,
        "nauc_ndcg_at_3_std": -0.15632438713243627,
        "nauc_ndcg_at_5_diff1": 0.7679631946099407,
        "nauc_ndcg_at_5_max": 0.49808298645344784,
        "nauc_ndcg_at_5_std": -0.15140400626087966,
        "nauc_precision_at_1000_diff1": 1.0,
        "nauc_precision_at_1000_max": 1.0,
        "nauc_precision_at_1000_std": 1.0,
        "nauc_precision_at_100_diff1": NaN,
        "nauc_precision_at_100_max": NaN,
        "nauc_precision_at_100_std": NaN,
        "nauc_precision_at_10_diff1": 0.7994662940961413,
        "nauc_precision_at_10_max": 0.7125745394066662,
        "nauc_precision_at_10_std": -0.19102122307300537,
        "nauc_precision_at_1_diff1": 0.7860594868890265,
        "nauc_precision_at_1_max": 0.4578575739024529,
        "nauc_precision_at_1_std": -0.13305248030016928,
        "nauc_precision_at_20_diff1": 1.0,
        "nauc_precision_at_20_max": 1.0,
        "nauc_precision_at_20_std": 1.0,
        "nauc_precision_at_3_diff1": 0.7003201148344009,
        "nauc_precision_at_3_max": 0.5420063924123951,
        "nauc_precision_at_3_std": -0.1864695022971129,
        "nauc_precision_at_5_diff1": 0.7528642957312349,
        "nauc_precision_at_5_max": 0.6191556320574426,
        "nauc_precision_at_5_std": -0.1855212821374278,
        "nauc_recall_at_1000_diff1": NaN,
        "nauc_recall_at_1000_max": NaN,
        "nauc_recall_at_1000_std": NaN,
        "nauc_recall_at_100_diff1": NaN,
        "nauc_recall_at_100_max": NaN,
        "nauc_recall_at_100_std": NaN,
        "nauc_recall_at_10_diff1": 0.7994662940961409,
        "nauc_recall_at_10_max": 0.7125745394066696,
        "nauc_recall_at_10_std": -0.1910212230730084,
        "nauc_recall_at_1_diff1": 0.7860594868890265,
        "nauc_recall_at_1_max": 0.4578575739024529,
        "nauc_recall_at_1_std": -0.13305248030016928,
        "nauc_recall_at_20_diff1": NaN,
        "nauc_recall_at_20_max": NaN,
        "nauc_recall_at_20_std": NaN,
        "nauc_recall_at_3_diff1": 0.7003201148344006,
        "nauc_recall_at_3_max": 0.5420063924123951,
        "nauc_recall_at_3_std": -0.1864695022971131,
        "nauc_recall_at_5_diff1": 0.7528642957312367,
        "nauc_recall_at_5_max": 0.6191556320574447,
        "nauc_recall_at_5_std": -0.18552128213742827,
        "ndcg_at_1": 0.64815,
        "ndcg_at_10": 0.80811,
        "ndcg_at_100": 0.82044,
        "ndcg_at_1000": 0.82044,
        "ndcg_at_20": 0.82044,
        "ndcg_at_3": 0.77248,
        "ndcg_at_5": 0.79614,
        "precision_at_1": 0.64815,
        "precision_at_10": 0.09506,
        "precision_at_100": 0.01,
        "precision_at_1000": 0.001,
        "precision_at_20": 0.05,
        "precision_at_3": 0.28601,
        "precision_at_5": 0.18272,
        "recall_at_1": 0.64815,
        "recall_at_10": 0.95062,
        "recall_at_100": 1.0,
        "recall_at_1000": 1.0,
        "recall_at_20": 1.0,
        "recall_at_3": 0.85802,
        "recall_at_5": 0.91358
      }
    ]
  },
  "task_name": "PublicHealthQA"
}