{
  "dataset_revision": "9cddf2ce5209ade52c2115ccfa00eb22c6d3a837",
  "evaluation_time": 102.75115370750427,
  "kg_co2_emissions": null,
  "mteb_version": "1.12.39",
  "scores": {
    "test": [
      {
        "hf_subset": "default",
        "languages": [
          "spa-Latn"
        ],
        "main_score": 0.39456,
        "map_at_1": 0.13416,
        "map_at_10": 0.26131,
        "map_at_100": 0.31617,
        "map_at_1000": 0.31956,
        "map_at_20": 0.29109,
        "map_at_3": 0.19125,
        "map_at_5": 0.23122,
        "mrr_at_1": 0.49101796407185627,
        "mrr_at_10": 0.6319432563444541,
        "mrr_at_100": 0.636691876450451,
        "mrr_at_1000": 0.6367160240405215,
        "mrr_at_20": 0.6361386500079704,
        "mrr_at_3": 0.6007984031936128,
        "mrr_at_5": 0.6196606786427147,
        "nauc_map_at_1000_diff1": 0.34903297109952164,
        "nauc_map_at_1000_max": 0.13315868741173562,
        "nauc_map_at_1000_std": -0.07360484239057748,
        "nauc_map_at_100_diff1": 0.3499317742109723,
        "nauc_map_at_100_max": 0.13720961206173846,
        "nauc_map_at_100_std": -0.06518651811207607,
        "nauc_map_at_10_diff1": 0.4079341251419084,
        "nauc_map_at_10_max": 0.09464673930717196,
        "nauc_map_at_10_std": -0.18665708002687612,
        "nauc_map_at_1_diff1": 0.5559688403168959,
        "nauc_map_at_1_max": 0.17021474013926507,
        "nauc_map_at_1_std": -0.19872161200739266,
        "nauc_map_at_20_diff1": 0.3798465733611344,
        "nauc_map_at_20_max": 0.12264531455197225,
        "nauc_map_at_20_std": -0.13057568241381282,
        "nauc_map_at_3_diff1": 0.4266251200049149,
        "nauc_map_at_3_max": 0.12799775016892515,
        "nauc_map_at_3_std": -0.21260599831419072,
        "nauc_map_at_5_diff1": 0.4531697107996353,
        "nauc_map_at_5_max": 0.10189213721452048,
        "nauc_map_at_5_std": -0.23788489986258368,
        "nauc_mrr_at_1000_diff1": 0.41283127977749967,
        "nauc_mrr_at_1000_max": 0.16359472560528898,
        "nauc_mrr_at_1000_std": -0.06410401795425717,
        "nauc_mrr_at_100_diff1": 0.41267532172021837,
        "nauc_mrr_at_100_max": 0.1635135800287888,
        "nauc_mrr_at_100_std": -0.06403390774613649,
        "nauc_mrr_at_10_diff1": 0.41345929078201304,
        "nauc_mrr_at_10_max": 0.17354177053114747,
        "nauc_mrr_at_10_std": -0.06316245261178507,
        "nauc_mrr_at_1_diff1": 0.44406063765174647,
        "nauc_mrr_at_1_max": 0.047510289065823594,
        "nauc_mrr_at_1_std": -0.11288689495861863,
        "nauc_mrr_at_20_diff1": 0.41180246586425956,
        "nauc_mrr_at_20_max": 0.16377194585952048,
        "nauc_mrr_at_20_std": -0.06390499434789955,
        "nauc_mrr_at_3_diff1": 0.4201071182282893,
        "nauc_mrr_at_3_max": 0.18345382479047195,
        "nauc_mrr_at_3_std": -0.062038428880900595,
        "nauc_mrr_at_5_diff1": 0.41295469043471833,
        "nauc_mrr_at_5_max": 0.18879877172052337,
        "nauc_mrr_at_5_std": -0.04990782268783993,
        "nauc_ndcg_at_1000_diff1": 0.2711906398669872,
        "nauc_ndcg_at_1000_max": 0.17896236011707367,
        "nauc_ndcg_at_1000_std": 0.03858347982579866,
        "nauc_ndcg_at_100_diff1": 0.25244264702389174,
        "nauc_ndcg_at_100_max": 0.21024596452771446,
        "nauc_ndcg_at_100_std": 0.13079907403424326,
        "nauc_ndcg_at_10_diff1": 0.38535892528399274,
        "nauc_ndcg_at_10_max": 0.09435313943328828,
        "nauc_ndcg_at_10_std": -0.15419801056845883,
        "nauc_ndcg_at_1_diff1": 0.491625425616573,
        "nauc_ndcg_at_1_max": 0.08180915439524253,
        "nauc_ndcg_at_1_std": -0.17043835910928584,
        "nauc_ndcg_at_20_diff1": 0.3308931041276888,
        "nauc_ndcg_at_20_max": 0.1697715544605736,
        "nauc_ndcg_at_20_std": -0.03055239803165603,
        "nauc_ndcg_at_3_diff1": 0.3281480787893263,
        "nauc_ndcg_at_3_max": 0.11426880708048484,
        "nauc_ndcg_at_3_std": -0.12600530073839,
        "nauc_ndcg_at_5_diff1": 0.4145551222958778,
        "nauc_ndcg_at_5_max": 0.09703498008204502,
        "nauc_ndcg_at_5_std": -0.18601248204848694,
        "nauc_precision_at_1000_diff1": -0.43503777582289394,
        "nauc_precision_at_1000_max": -0.1244612067506142,
        "nauc_precision_at_1000_std": 0.1254101034705605,
        "nauc_precision_at_100_diff1": -0.464234360006375,
        "nauc_precision_at_100_max": 0.047520253903188286,
        "nauc_precision_at_100_std": 0.4697986867421012,
        "nauc_precision_at_10_diff1": -0.11680068978917933,
        "nauc_precision_at_10_max": -0.04120850339101388,
        "nauc_precision_at_10_std": 0.11257730276502088,
        "nauc_precision_at_1_diff1": 0.491625425616573,
        "nauc_precision_at_1_max": 0.08180915439524253,
        "nauc_precision_at_1_std": -0.17043835910928584,
        "nauc_precision_at_20_diff1": -0.337442151234946,
        "nauc_precision_at_20_max": 0.03975399065627172,
        "nauc_precision_at_20_std": 0.35344032384955276,
        "nauc_precision_at_3_diff1": 0.12318638157064275,
        "nauc_precision_at_3_max": 0.0531883944511154,
        "nauc_precision_at_3_std": -0.059610079948081866,
        "nauc_precision_at_5_diff1": 0.15791365332970575,
        "nauc_precision_at_5_max": -0.014882792223851794,
        "nauc_precision_at_5_std": -0.12789878478657007,
        "nauc_recall_at_1000_diff1": 0.030931402953761903,
        "nauc_recall_at_1000_max": 0.36869057111721737,
        "nauc_recall_at_1000_std": 0.6092097911525233,
        "nauc_recall_at_100_diff1": -0.09097790496009286,
        "nauc_recall_at_100_max": 0.2734310026551087,
        "nauc_recall_at_100_std": 0.6316233291179643,
        "nauc_recall_at_10_diff1": 0.2925824393155479,
        "nauc_recall_at_10_max": 0.06751316978818943,
        "nauc_recall_at_10_std": -0.08238954058180982,
        "nauc_recall_at_1_diff1": 0.5559688403168959,
        "nauc_recall_at_1_max": 0.17021474013926507,
        "nauc_recall_at_1_std": -0.19872161200739266,
        "nauc_recall_at_20_diff1": 0.1856779145409813,
        "nauc_recall_at_20_max": 0.1748885879590604,
        "nauc_recall_at_20_std": 0.11664048389727447,
        "nauc_recall_at_3_diff1": 0.3614613811354796,
        "nauc_recall_at_3_max": 0.14206646746256324,
        "nauc_recall_at_3_std": -0.1768243138954541,
        "nauc_recall_at_5_diff1": 0.41616213386109674,
        "nauc_recall_at_5_max": 0.09659783241904796,
        "nauc_recall_at_5_std": -0.20342618402011914,
        "ndcg_at_1": 0.46707,
        "ndcg_at_10": 0.39456,
        "ndcg_at_100": 0.52669,
        "ndcg_at_1000": 0.563,
        "ndcg_at_20": 0.45271,
        "ndcg_at_3": 0.37849,
        "ndcg_at_5": 0.37451,
        "precision_at_1": 0.46707,
        "precision_at_10": 0.18743,
        "precision_at_100": 0.04162,
        "precision_at_1000": 0.00528,
        "precision_at_20": 0.13772,
        "precision_at_3": 0.31737,
        "precision_at_5": 0.26467,
        "recall_at_1": 0.13416,
        "recall_at_10": 0.40833,
        "recall_at_100": 0.76804,
        "recall_at_1000": 0.93381,
        "recall_at_20": 0.55105,
        "recall_at_3": 0.22573,
        "recall_at_5": 0.30726
      }
    ]
  },
  "task_name": "SpanishPassageRetrievalS2P"
}