{
  "dataset_revision": "9cddf2ce5209ade52c2115ccfa00eb22c6d3a837",
  "evaluation_time": 1.995056390762329,
  "kg_co2_emissions": null,
  "mteb_version": "1.12.39",
  "scores": {
    "test": [
      {
        "hf_subset": "default",
        "languages": [
          "spa-Latn"
        ],
        "main_score": 0.68418,
        "map_at_1": 0.14601,
        "map_at_10": 0.49454,
        "map_at_100": 0.61273,
        "map_at_1000": 0.61273,
        "map_at_20": 0.56352,
        "map_at_3": 0.29828,
        "map_at_5": 0.38108,
        "mrr_at_1": 0.7485029940119761,
        "mrr_at_10": 0.8381237524950098,
        "mrr_at_100": 0.8384980039920158,
        "mrr_at_1000": 0.8384980039920158,
        "mrr_at_20": 0.8384980039920158,
        "mrr_at_3": 0.8253493013972055,
        "mrr_at_5": 0.8355289421157683,
        "nauc_map_at_1000_diff1": 0.4400624610257018,
        "nauc_map_at_1000_max": 0.29974001899467595,
        "nauc_map_at_1000_std": -0.15866575040901595,
        "nauc_map_at_100_diff1": 0.4400624610257018,
        "nauc_map_at_100_max": 0.29974001899467595,
        "nauc_map_at_100_std": -0.15866575040901595,
        "nauc_map_at_10_diff1": 0.5349453216538773,
        "nauc_map_at_10_max": 0.23695157364594513,
        "nauc_map_at_10_std": -0.2597716341813252,
        "nauc_map_at_1_diff1": 0.7320603322099718,
        "nauc_map_at_1_max": 0.20105711962887335,
        "nauc_map_at_1_std": -0.35455239072910155,
        "nauc_map_at_20_diff1": 0.47593630929461506,
        "nauc_map_at_20_max": 0.2812321437708394,
        "nauc_map_at_20_std": -0.20641113458282948,
        "nauc_map_at_3_diff1": 0.6399454090734432,
        "nauc_map_at_3_max": 0.2402795512552351,
        "nauc_map_at_3_std": -0.31479128888168617,
        "nauc_map_at_5_diff1": 0.6034537239086313,
        "nauc_map_at_5_max": 0.20812653106459295,
        "nauc_map_at_5_std": -0.3150482040550029,
        "nauc_mrr_at_1000_diff1": 0.5492258329057919,
        "nauc_mrr_at_1000_max": 0.4727178418843534,
        "nauc_mrr_at_1000_std": -0.10596751703232096,
        "nauc_mrr_at_100_diff1": 0.5492258329057919,
        "nauc_mrr_at_100_max": 0.4727178418843534,
        "nauc_mrr_at_100_std": -0.10596751703232096,
        "nauc_mrr_at_10_diff1": 0.5492392168373608,
        "nauc_mrr_at_10_max": 0.47406196254486793,
        "nauc_mrr_at_10_std": -0.10314824130561216,
        "nauc_mrr_at_1_diff1": 0.5609708005013923,
        "nauc_mrr_at_1_max": 0.4369835591229655,
        "nauc_mrr_at_1_std": -0.11919658175616465,
        "nauc_mrr_at_20_diff1": 0.5492258329057919,
        "nauc_mrr_at_20_max": 0.4727178418843534,
        "nauc_mrr_at_20_std": -0.10596751703232096,
        "nauc_mrr_at_3_diff1": 0.5385938402938206,
        "nauc_mrr_at_3_max": 0.5002299004604179,
        "nauc_mrr_at_3_std": -0.07492168974330009,
        "nauc_mrr_at_5_diff1": 0.5486251908564401,
        "nauc_mrr_at_5_max": 0.4817961571377137,
        "nauc_mrr_at_5_std": -0.10211551434696368,
        "nauc_ndcg_at_1000_diff1": 0.42940376554270665,
        "nauc_ndcg_at_1000_max": 0.34890398959712965,
        "nauc_ndcg_at_1000_std": -0.08871019071630187,
        "nauc_ndcg_at_100_diff1": 0.42940376554270665,
        "nauc_ndcg_at_100_max": 0.34890398959712965,
        "nauc_ndcg_at_100_std": -0.08871019071630187,
        "nauc_ndcg_at_10_diff1": 0.46358297248387537,
        "nauc_ndcg_at_10_max": 0.28042383756239936,
        "nauc_ndcg_at_10_std": -0.2182550358912685,
        "nauc_ndcg_at_1_diff1": 0.6302769573017211,
        "nauc_ndcg_at_1_max": 0.27201247622729924,
        "nauc_ndcg_at_1_std": -0.2637935910219606,
        "nauc_ndcg_at_20_diff1": 0.4498055094936794,
        "nauc_ndcg_at_20_max": 0.29331166704609163,
        "nauc_ndcg_at_20_std": -0.1972240981156351,
        "nauc_ndcg_at_3_diff1": 0.35176438856055875,
        "nauc_ndcg_at_3_max": 0.3475037585080442,
        "nauc_ndcg_at_3_std": -0.02835725251293389,
        "nauc_ndcg_at_5_diff1": 0.44565602890165334,
        "nauc_ndcg_at_5_max": 0.3334550344928254,
        "nauc_ndcg_at_5_std": -0.12082966720888173,
        "nauc_precision_at_1000_diff1": -0.31855636784105423,
        "nauc_precision_at_1000_max": 0.05370718996903022,
        "nauc_precision_at_1000_std": 0.2629058814394909,
        "nauc_precision_at_100_diff1": -0.318556367841054,
        "nauc_precision_at_100_max": 0.05370718996903039,
        "nauc_precision_at_100_std": 0.2629058814394914,
        "nauc_precision_at_10_diff1": -0.30325201556039755,
        "nauc_precision_at_10_max": 0.12265661593168634,
        "nauc_precision_at_10_std": 0.2920556772398908,
        "nauc_precision_at_1_diff1": 0.6302769573017211,
        "nauc_precision_at_1_max": 0.27201247622729924,
        "nauc_precision_at_1_std": -0.2637935910219606,
        "nauc_precision_at_20_diff1": -0.3342944741102585,
        "nauc_precision_at_20_max": 0.0844479446062558,
        "nauc_precision_at_20_std": 0.2667698043518604,
        "nauc_precision_at_3_diff1": 0.0579755848505851,
        "nauc_precision_at_3_max": 0.2850103024703947,
        "nauc_precision_at_3_std": 0.13638018083070327,
        "nauc_precision_at_5_diff1": -0.10598934925393444,
        "nauc_precision_at_5_max": 0.19345527130025864,
        "nauc_precision_at_5_std": 0.20581411026633076,
        "nauc_recall_at_1000_diff1": NaN,
        "nauc_recall_at_1000_max": NaN,
        "nauc_recall_at_1000_std": NaN,
        "nauc_recall_at_100_diff1": NaN,
        "nauc_recall_at_100_max": NaN,
        "nauc_recall_at_100_std": NaN,
        "nauc_recall_at_10_diff1": 0.421262269298499,
        "nauc_recall_at_10_max": 0.1333267431938536,
        "nauc_recall_at_10_std": -0.34150453445773543,
        "nauc_recall_at_1_diff1": 0.7320603322099718,
        "nauc_recall_at_1_max": 0.20105711962887335,
        "nauc_recall_at_1_std": -0.35455239072910155,
        "nauc_recall_at_20_diff1": 0.3089410029111882,
        "nauc_recall_at_20_max": 0.14234272434172338,
        "nauc_recall_at_20_std": -0.32074504802000947,
        "nauc_recall_at_3_diff1": 0.5495557057549783,
        "nauc_recall_at_3_max": 0.2336919223835218,
        "nauc_recall_at_3_std": -0.3065975041589497,
        "nauc_recall_at_5_diff1": 0.527498860253811,
        "nauc_recall_at_5_max": 0.1607554360326736,
        "nauc_recall_at_5_std": -0.35373762809210046,
        "ndcg_at_1": 0.71856,
        "ndcg_at_10": 0.68418,
        "ndcg_at_100": 0.80056,
        "ndcg_at_1000": 0.80056,
        "ndcg_at_20": 0.72733,
        "ndcg_at_3": 0.6502,
        "ndcg_at_5": 0.65283,
        "precision_at_1": 0.71856,
        "precision_at_10": 0.43832,
        "precision_at_100": 0.07719,
        "precision_at_1000": 0.00772,
        "precision_at_20": 0.29491,
        "precision_at_3": 0.59681,
        "precision_at_5": 0.53533,
        "recall_at_1": 0.14601,
        "recall_at_10": 0.67581,
        "recall_at_100": 1.0,
        "recall_at_1000": 1.0,
        "recall_at_20": 0.82177,
        "recall_at_3": 0.34575,
        "recall_at_5": 0.47316
      }
    ]
  },
  "task_name": "SpanishPassageRetrievalS2S"
}