{
  "dataset_revision": "dfe57acff5b62c23732a7b7d3e3fb84ff501708b",
  "evaluation_time": 65.39275741577148,
  "kg_co2_emissions": null,
  "mteb_version": "1.12.39",
  "scores": {
    "test": [
      {
        "hf_subset": "es",
        "languages": [
          "spa-Latn"
        ],
        "main_score": 0.14136,
        "map_at_1": 0.03765,
        "map_at_10": 0.07658,
        "map_at_100": 0.09425,
        "map_at_1000": 0.09944,
        "map_at_20": 0.08427,
        "map_at_3": 0.05879,
        "map_at_5": 0.06712,
        "mrr_at_1": 0.13258741258741258,
        "mrr_at_10": 0.20078177378177403,
        "mrr_at_100": 0.20975406976935212,
        "mrr_at_1000": 0.21051168269316875,
        "mrr_at_20": 0.20574719505670638,
        "mrr_at_3": 0.1788344988344988,
        "mrr_at_5": 0.19089044289044313,
        "nauc_map_at_1000_diff1": 0.09031783846933336,
        "nauc_map_at_1000_max": 0.28508840781452066,
        "nauc_map_at_1000_std": 0.10990009501713457,
        "nauc_map_at_100_diff1": 0.09219800646217237,
        "nauc_map_at_100_max": 0.2778983692932695,
        "nauc_map_at_100_std": 0.08660625822280786,
        "nauc_map_at_10_diff1": 0.10964393580221556,
        "nauc_map_at_10_max": 0.2629724904937544,
        "nauc_map_at_10_std": 0.022552925601707286,
        "nauc_map_at_1_diff1": 0.177790153955236,
        "nauc_map_at_1_max": 0.2503114684267386,
        "nauc_map_at_1_std": -0.06984555019252232,
        "nauc_map_at_20_diff1": 0.1017213980274546,
        "nauc_map_at_20_max": 0.26964929096513957,
        "nauc_map_at_20_std": 0.04582608640946554,
        "nauc_map_at_3_diff1": 0.1382531962559102,
        "nauc_map_at_3_max": 0.25692428267866885,
        "nauc_map_at_3_std": -0.02283791058492772,
        "nauc_map_at_5_diff1": 0.1215670523672912,
        "nauc_map_at_5_max": 0.2621222044678247,
        "nauc_map_at_5_std": -0.0032406754800115086,
        "nauc_mrr_at_1000_diff1": 0.057716375642956945,
        "nauc_mrr_at_1000_max": 0.2525017167348518,
        "nauc_mrr_at_1000_std": 0.15930844646343217,
        "nauc_mrr_at_100_diff1": 0.05765900213841955,
        "nauc_mrr_at_100_max": 0.25234304531883345,
        "nauc_mrr_at_100_std": 0.15915497317368316,
        "nauc_mrr_at_10_diff1": 0.05809527619125611,
        "nauc_mrr_at_10_max": 0.25343730556083527,
        "nauc_mrr_at_10_std": 0.1585579140620306,
        "nauc_mrr_at_1_diff1": 0.06269768887097335,
        "nauc_mrr_at_1_max": 0.2556142016991723,
        "nauc_mrr_at_1_std": 0.1329139859864349,
        "nauc_mrr_at_20_diff1": 0.057272142322204726,
        "nauc_mrr_at_20_max": 0.2525776532870449,
        "nauc_mrr_at_20_std": 0.1579979601866961,
        "nauc_mrr_at_3_diff1": 0.05865427869772976,
        "nauc_mrr_at_3_max": 0.2520602392159702,
        "nauc_mrr_at_3_std": 0.15350714191932693,
        "nauc_mrr_at_5_diff1": 0.05756610337496164,
        "nauc_mrr_at_5_max": 0.25532474159510576,
        "nauc_mrr_at_5_std": 0.1577074042500999,
        "nauc_ndcg_at_1000_diff1": 0.06386098169684533,
        "nauc_ndcg_at_1000_max": 0.28689820650002057,
        "nauc_ndcg_at_1000_std": 0.1946528509624808,
        "nauc_ndcg_at_100_diff1": 0.06532233341561283,
        "nauc_ndcg_at_100_max": 0.2739160594199581,
        "nauc_ndcg_at_100_std": 0.1542187295782816,
        "nauc_ndcg_at_10_diff1": 0.07187608325837007,
        "nauc_ndcg_at_10_max": 0.2743230520153759,
        "nauc_ndcg_at_10_std": 0.1512706266962838,
        "nauc_ndcg_at_1_diff1": 0.06269768887097335,
        "nauc_ndcg_at_1_max": 0.2556142016991723,
        "nauc_ndcg_at_1_std": 0.1329139859864349,
        "nauc_ndcg_at_20_diff1": 0.07271365877545112,
        "nauc_ndcg_at_20_max": 0.2763286627165861,
        "nauc_ndcg_at_20_std": 0.14592344038779834,
        "nauc_ndcg_at_3_diff1": 0.06994519135129283,
        "nauc_ndcg_at_3_max": 0.26377519515711595,
        "nauc_ndcg_at_3_std": 0.1485589780819923,
        "nauc_ndcg_at_5_diff1": 0.06529133079187244,
        "nauc_ndcg_at_5_max": 0.27183851644781126,
        "nauc_ndcg_at_5_std": 0.1490611760732317,
        "nauc_precision_at_1000_diff1": 0.029736829288251884,
        "nauc_precision_at_1000_max": 0.14342450718277708,
        "nauc_precision_at_1000_std": 0.34848037422931105,
        "nauc_precision_at_100_diff1": 0.011810529193830329,
        "nauc_precision_at_100_max": 0.23320172044915705,
        "nauc_precision_at_100_std": 0.42315962914314703,
        "nauc_precision_at_10_diff1": 0.00710678308908373,
        "nauc_precision_at_10_max": 0.26702120128385476,
        "nauc_precision_at_10_std": 0.30759060662374293,
        "nauc_precision_at_1_diff1": 0.06269768887097335,
        "nauc_precision_at_1_max": 0.2556142016991723,
        "nauc_precision_at_1_std": 0.1329139859864349,
        "nauc_precision_at_20_diff1": 0.0037464616977568206,
        "nauc_precision_at_20_max": 0.26828566200285353,
        "nauc_precision_at_20_std": 0.35727580434307143,
        "nauc_precision_at_3_diff1": 0.03186745850434716,
        "nauc_precision_at_3_max": 0.26613294998375153,
        "nauc_precision_at_3_std": 0.21342388451748637,
        "nauc_precision_at_5_diff1": 0.009275683459710167,
        "nauc_precision_at_5_max": 0.2722131469890131,
        "nauc_precision_at_5_std": 0.2484710842080359,
        "nauc_recall_at_1000_diff1": 0.0329787627970685,
        "nauc_recall_at_1000_max": 0.2341211768767686,
        "nauc_recall_at_1000_std": 0.15903746076701955,
        "nauc_recall_at_100_diff1": 0.04359051134210171,
        "nauc_recall_at_100_max": 0.19765882997425935,
        "nauc_recall_at_100_std": 0.09488583918222387,
        "nauc_recall_at_10_diff1": 0.07577751250170042,
        "nauc_recall_at_10_max": 0.2131902225770891,
        "nauc_recall_at_10_std": 0.03918081323080116,
        "nauc_recall_at_1_diff1": 0.177790153955236,
        "nauc_recall_at_1_max": 0.2503114684267386,
        "nauc_recall_at_1_std": -0.06984555019252232,
        "nauc_recall_at_20_diff1": 0.062311488808302146,
        "nauc_recall_at_20_max": 0.20676724199847538,
        "nauc_recall_at_20_std": 0.047942357751242774,
        "nauc_recall_at_3_diff1": 0.11893681816217043,
        "nauc_recall_at_3_max": 0.23109074937264548,
        "nauc_recall_at_3_std": -0.011357220270840662,
        "nauc_recall_at_5_diff1": 0.08978175469293709,
        "nauc_recall_at_5_max": 0.22954965980951872,
        "nauc_recall_at_5_std": 0.012599974525164245,
        "ndcg_at_1": 0.13259,
        "ndcg_at_10": 0.14136,
        "ndcg_at_100": 0.18212,
        "ndcg_at_1000": 0.22976,
        "ndcg_at_20": 0.15193,
        "ndcg_at_3": 0.13214,
        "ndcg_at_5": 0.13503,
        "precision_at_1": 0.13259,
        "precision_at_10": 0.07695,
        "precision_at_100": 0.02836,
        "precision_at_1000": 0.00829,
        "precision_at_20": 0.05979,
        "precision_at_3": 0.10816,
        "precision_at_5": 0.09611,
        "recall_at_1": 0.03765,
        "recall_at_10": 0.14002,
        "recall_at_100": 0.31553,
        "recall_at_1000": 0.53681,
        "recall_at_20": 0.18805,
        "recall_at_3": 0.07767,
        "recall_at_5": 0.10098
      }
    ]
  },
  "task_name": "XMarket"
}