{
  "dataset_revision": "51adfef1c1287aab1d2d91b5bead9bcfb9c68583",
  "evaluation_time": 3.212631940841675,
  "kg_co2_emissions": null,
  "mteb_version": "1.12.39",
  "scores": {
    "validation": [
      {
        "hf_subset": "es",
        "languages": [
          "spa-Latn"
        ],
        "main_score": 0.97644,
        "map_at_1": 0.94595,
        "map_at_10": 0.96874,
        "map_at_100": 0.96881,
        "map_at_1000": 0.96881,
        "map_at_20": 0.96881,
        "map_at_3": 0.96678,
        "map_at_5": 0.96851,
        "mrr_at_1": 0.9459459459459459,
        "mrr_at_10": 0.9687369288931791,
        "mrr_at_100": 0.9688137102199603,
        "mrr_at_1000": 0.9688137102199603,
        "mrr_at_20": 0.9688137102199603,
        "mrr_at_3": 0.9667792792792793,
        "mrr_at_5": 0.9685106981981982,
        "nauc_map_at_1000_diff1": 0.9116511693827875,
        "nauc_map_at_1000_max": 0.6329735439157124,
        "nauc_map_at_1000_std": 0.25616693895030773,
        "nauc_map_at_100_diff1": 0.9116511693827875,
        "nauc_map_at_100_max": 0.6329735439157124,
        "nauc_map_at_100_std": 0.25616693895030773,
        "nauc_map_at_10_diff1": 0.9115472298768826,
        "nauc_map_at_10_max": 0.633874951783346,
        "nauc_map_at_10_std": 0.2579937744885127,
        "nauc_map_at_1_diff1": 0.9105937786062325,
        "nauc_map_at_1_max": 0.6114006173797208,
        "nauc_map_at_1_std": 0.2290961271365201,
        "nauc_map_at_20_diff1": 0.9116511693827875,
        "nauc_map_at_20_max": 0.6329735439157124,
        "nauc_map_at_20_std": 0.25616693895030773,
        "nauc_map_at_3_diff1": 0.9096893687907531,
        "nauc_map_at_3_max": 0.6314998748125582,
        "nauc_map_at_3_std": 0.25184562505840513,
        "nauc_map_at_5_diff1": 0.9121827070234979,
        "nauc_map_at_5_max": 0.6365053284309163,
        "nauc_map_at_5_std": 0.26067158274926133,
        "nauc_mrr_at_1000_diff1": 0.9116511693827875,
        "nauc_mrr_at_1000_max": 0.6329735439157124,
        "nauc_mrr_at_1000_std": 0.25616693895030773,
        "nauc_mrr_at_100_diff1": 0.9116511693827875,
        "nauc_mrr_at_100_max": 0.6329735439157124,
        "nauc_mrr_at_100_std": 0.25616693895030773,
        "nauc_mrr_at_10_diff1": 0.9115472298768826,
        "nauc_mrr_at_10_max": 0.633874951783346,
        "nauc_mrr_at_10_std": 0.2579937744885127,
        "nauc_mrr_at_1_diff1": 0.9105937786062325,
        "nauc_mrr_at_1_max": 0.6114006173797208,
        "nauc_mrr_at_1_std": 0.2290961271365201,
        "nauc_mrr_at_20_diff1": 0.9116511693827875,
        "nauc_mrr_at_20_max": 0.6329735439157124,
        "nauc_mrr_at_20_std": 0.25616693895030773,
        "nauc_mrr_at_3_diff1": 0.9096893687907531,
        "nauc_mrr_at_3_max": 0.6314998748125582,
        "nauc_mrr_at_3_std": 0.25184562505840513,
        "nauc_mrr_at_5_diff1": 0.9121827070234979,
        "nauc_mrr_at_5_max": 0.6365053284309163,
        "nauc_mrr_at_5_std": 0.26067158274926133,
        "nauc_ndcg_at_1000_diff1": 0.9117471841340751,
        "nauc_ndcg_at_1000_max": 0.6352471222165315,
        "nauc_ndcg_at_1000_std": 0.2592658103966081,
        "nauc_ndcg_at_100_diff1": 0.9117471841340751,
        "nauc_ndcg_at_100_max": 0.6352471222165315,
        "nauc_ndcg_at_100_std": 0.2592658103966081,
        "nauc_ndcg_at_10_diff1": 0.9113229403113509,
        "nauc_ndcg_at_10_max": 0.6388952782330287,
        "nauc_ndcg_at_10_std": 0.2666744260786783,
        "nauc_ndcg_at_1_diff1": 0.9105937786062325,
        "nauc_ndcg_at_1_max": 0.6114006173797208,
        "nauc_ndcg_at_1_std": 0.2290961271365201,
        "nauc_ndcg_at_20_diff1": 0.9117471841340751,
        "nauc_ndcg_at_20_max": 0.6352471222165315,
        "nauc_ndcg_at_20_std": 0.2592658103966081,
        "nauc_ndcg_at_3_diff1": 0.9080837777074015,
        "nauc_ndcg_at_3_max": 0.6372758487083894,
        "nauc_ndcg_at_3_std": 0.25807675461428875,
        "nauc_ndcg_at_5_diff1": 0.9133389512162878,
        "nauc_ndcg_at_5_max": 0.6471047414184676,
        "nauc_ndcg_at_5_std": 0.2747233649363483,
        "nauc_precision_at_1000_diff1": 1.0,
        "nauc_precision_at_1000_max": 1.0,
        "nauc_precision_at_1000_std": 1.0,
        "nauc_precision_at_100_diff1": 1.0,
        "nauc_precision_at_100_max": 1.0,
        "nauc_precision_at_100_std": 1.0,
        "nauc_precision_at_10_diff1": 0.8693300960160147,
        "nauc_precision_at_10_max": 1.0,
        "nauc_precision_at_10_std": 1.0,
        "nauc_precision_at_1_diff1": 0.9105937786062325,
        "nauc_precision_at_1_max": 0.6114006173797208,
        "nauc_precision_at_1_std": 0.2290961271365201,
        "nauc_precision_at_20_diff1": 1.0,
        "nauc_precision_at_20_max": 1.0,
        "nauc_precision_at_20_std": 1.0,
        "nauc_precision_at_3_diff1": 0.8920562597274606,
        "nauc_precision_at_3_max": 0.6859849158759296,
        "nauc_precision_at_3_std": 0.31005770089823753,
        "nauc_precision_at_5_diff1": 0.956443365338596,
        "nauc_precision_at_5_max": 1.0,
        "nauc_precision_at_5_std": 0.7424515775553914,
        "nauc_recall_at_1000_diff1": NaN,
        "nauc_recall_at_1000_max": NaN,
        "nauc_recall_at_1000_std": NaN,
        "nauc_recall_at_100_diff1": NaN,
        "nauc_recall_at_100_max": NaN,
        "nauc_recall_at_100_std": NaN,
        "nauc_recall_at_10_diff1": 0.869330096015902,
        "nauc_recall_at_10_max": 1.0,
        "nauc_recall_at_10_std": 1.0,
        "nauc_recall_at_1_diff1": 0.9105937786062325,
        "nauc_recall_at_1_max": 0.6114006173797208,
        "nauc_recall_at_1_std": 0.2290961271365201,
        "nauc_recall_at_20_diff1": NaN,
        "nauc_recall_at_20_max": NaN,
        "nauc_recall_at_20_std": NaN,
        "nauc_recall_at_3_diff1": 0.8920562597274793,
        "nauc_recall_at_3_max": 0.685984915875934,
        "nauc_recall_at_3_std": 0.31005770089825885,
        "nauc_recall_at_5_diff1": 0.9564433653385848,
        "nauc_recall_at_5_max": 1.0,
        "nauc_recall_at_5_std": 0.7424515775553884,
        "ndcg_at_1": 0.94595,
        "ndcg_at_10": 0.97644,
        "ndcg_at_100": 0.97668,
        "ndcg_at_1000": 0.97668,
        "ndcg_at_20": 0.97668,
        "ndcg_at_3": 0.97277,
        "ndcg_at_5": 0.9759,
        "precision_at_1": 0.94595,
        "precision_at_10": 0.09992,
        "precision_at_100": 0.01,
        "precision_at_1000": 0.001,
        "precision_at_20": 0.05,
        "precision_at_3": 0.32995,
        "precision_at_5": 0.19949,
        "recall_at_1": 0.94595,
        "recall_at_10": 0.99916,
        "recall_at_100": 1.0,
        "recall_at_1000": 1.0,
        "recall_at_20": 1.0,
        "recall_at_3": 0.98986,
        "recall_at_5": 0.99747
      }
    ]
  },
  "task_name": "XQuADRetrieval"
}