{
  "dataset_revision": "ae001d0e6b1228650b7bd1c2c65fb50ad11a8aba",
  "mteb_dataset_name": "MTOPIntentClassification",
  "mteb_version": "1.1.1",
  "test": {
    "es": {
      "accuracy": 0.7562374916611074,
      "accuracy_stderr": 0.008647781413261522,
      "f1": 0.5428329296539051,
      "f1_stderr": 0.008997802468065093,
      "main_score": 0.7562374916611074
    },
    "evaluation_time": 170.66
  },
  "validation": {
    "es": {
      "accuracy": 0.7672560576293386,
      "accuracy_stderr": 0.011660521998195134,
      "f1": 0.5170325525114795,
      "f1_stderr": 0.013485250210225938,
      "main_score": 0.7672560576293386
    },
    "evaluation_time": 149.6
  }
}