{
  "dataset_revision": "264a18480c529d9e922483839b4b9758e690b762",
  "evaluation_time": 9.615000247955322,
  "kg_co2_emissions": null,
  "mteb_version": "1.12.39",
  "scores": {
    "train": [
      {
        "accuracy": 0.98828125,
        "f1": 0.984375,
        "hf_subset": "eng_Latn-spa_Latn",
        "languages": [
          "eng-Latn",
          "spa-Latn"
        ],
        "main_score": 0.984375,
        "precision": 0.982421875,
        "recall": 0.98828125
      },
      {
        "accuracy": 0.9921875,
        "f1": 0.9895833333333333,
        "hf_subset": "spa_Latn-eng_Latn",
        "languages": [
          "spa-Latn",
          "eng-Latn"
        ],
        "main_score": 0.9895833333333333,
        "precision": 0.98828125,
        "recall": 0.9921875
      }
    ]
  },
  "task_name": "BibleNLPBitextMining"
}