{
  "dataset_revision": "efa78cc2f74bbcd21eff2261f9e13aebe40b814e",
  "evaluation_time": 28.245105981826782,
  "kg_co2_emissions": null,
  "mteb_version": "1.12.39",
  "scores": {
    "test": [
      {
        "hf_subset": "es",
        "languages": [
          "spa-Latn"
        ],
        "main_score": 0.22341,
        "map_at_1": 0.12871,
        "map_at_10": 0.18973,
        "map_at_100": 0.19947,
        "map_at_1000": 0.20077,
        "map_at_20": 0.19524,
        "map_at_3": 0.17224,
        "map_at_5": 0.18123,
        "mrr_at_1": 0.12871287128712872,
        "mrr_at_10": 0.18972903242705197,
        "mrr_at_100": 0.19947399482208625,
        "mrr_at_1000": 0.20076962574113508,
        "mrr_at_20": 0.19524432355898969,
        "mrr_at_3": 0.17223597359735957,
        "mrr_at_5": 0.18122937293729335,
        "nauc_map_at_1000_diff1": 0.2027486462257375,
        "nauc_map_at_1000_max": 0.33234390318993456,
        "nauc_map_at_1000_std": 0.07675814461650028,
        "nauc_map_at_100_diff1": 0.20250747072265196,
        "nauc_map_at_100_max": 0.3323075095815488,
        "nauc_map_at_100_std": 0.07709513818168237,
        "nauc_map_at_10_diff1": 0.20428228683560745,
        "nauc_map_at_10_max": 0.33519720248543433,
        "nauc_map_at_10_std": 0.07366054279250642,
        "nauc_map_at_1_diff1": 0.281240764978414,
        "nauc_map_at_1_max": 0.3439394887824967,
        "nauc_map_at_1_std": 0.03609737508962941,
        "nauc_map_at_20_diff1": 0.2027225963647895,
        "nauc_map_at_20_max": 0.33338764332397486,
        "nauc_map_at_20_std": 0.0765403355014395,
        "nauc_map_at_3_diff1": 0.21761577556701,
        "nauc_map_at_3_max": 0.3465824077885606,
        "nauc_map_at_3_std": 0.0710392421946564,
        "nauc_map_at_5_diff1": 0.21110519198293165,
        "nauc_map_at_5_max": 0.34125216639726874,
        "nauc_map_at_5_std": 0.07152709206385177,
        "nauc_mrr_at_1000_diff1": 0.2027486462257375,
        "nauc_mrr_at_1000_max": 0.33234390318993456,
        "nauc_mrr_at_1000_std": 0.07675814461650028,
        "nauc_mrr_at_100_diff1": 0.20250747072265196,
        "nauc_mrr_at_100_max": 0.3323075095815488,
        "nauc_mrr_at_100_std": 0.07709513818168237,
        "nauc_mrr_at_10_diff1": 0.20428228683560745,
        "nauc_mrr_at_10_max": 0.33519720248543433,
        "nauc_mrr_at_10_std": 0.07366054279250642,
        "nauc_mrr_at_1_diff1": 0.281240764978414,
        "nauc_mrr_at_1_max": 0.3439394887824967,
        "nauc_mrr_at_1_std": 0.03609737508962941,
        "nauc_mrr_at_20_diff1": 0.2027225963647895,
        "nauc_mrr_at_20_max": 0.33338764332397486,
        "nauc_mrr_at_20_std": 0.0765403355014395,
        "nauc_mrr_at_3_diff1": 0.21761577556701,
        "nauc_mrr_at_3_max": 0.3465824077885606,
        "nauc_mrr_at_3_std": 0.0710392421946564,
        "nauc_mrr_at_5_diff1": 0.21110519198293165,
        "nauc_mrr_at_5_max": 0.34125216639726874,
        "nauc_mrr_at_5_std": 0.07152709206385177,
        "nauc_ndcg_at_1000_diff1": 0.18064929431090243,
        "nauc_ndcg_at_1000_max": 0.3174813305373451,
        "nauc_ndcg_at_1000_std": 0.09163599808888812,
        "nauc_ndcg_at_100_diff1": 0.1706424141365636,
        "nauc_ndcg_at_100_max": 0.31134528504031234,
        "nauc_ndcg_at_100_std": 0.09960111117734331,
        "nauc_ndcg_at_10_diff1": 0.1773073323565288,
        "nauc_ndcg_at_10_max": 0.32382276974882823,
        "nauc_ndcg_at_10_std": 0.08571957545722132,
        "nauc_ndcg_at_1_diff1": 0.281240764978414,
        "nauc_ndcg_at_1_max": 0.3439394887824967,
        "nauc_ndcg_at_1_std": 0.03609737508962941,
        "nauc_ndcg_at_20_diff1": 0.1721545339923501,
        "nauc_ndcg_at_20_max": 0.3176013158610389,
        "nauc_ndcg_at_20_std": 0.09486174298777408,
        "nauc_ndcg_at_3_diff1": 0.20190800113457869,
        "nauc_ndcg_at_3_max": 0.3458475109793588,
        "nauc_ndcg_at_3_std": 0.07951116391589273,
        "nauc_ndcg_at_5_diff1": 0.19155741798370976,
        "nauc_ndcg_at_5_max": 0.3365538979405097,
        "nauc_ndcg_at_5_std": 0.08007452837431996,
        "nauc_precision_at_1000_diff1": 0.09234110863845976,
        "nauc_precision_at_1000_max": 0.21827904498512676,
        "nauc_precision_at_1000_std": 0.20128583287527202,
        "nauc_precision_at_100_diff1": 0.08359690436005066,
        "nauc_precision_at_100_max": 0.24271815426588872,
        "nauc_precision_at_100_std": 0.17103624518716243,
        "nauc_precision_at_10_diff1": 0.11437596606467229,
        "nauc_precision_at_10_max": 0.2945335036086182,
        "nauc_precision_at_10_std": 0.1142368999220429,
        "nauc_precision_at_1_diff1": 0.281240764978414,
        "nauc_precision_at_1_max": 0.3439394887824967,
        "nauc_precision_at_1_std": 0.03609737508962941,
        "nauc_precision_at_20_diff1": 0.09967927607969396,
        "nauc_precision_at_20_max": 0.2754307845734562,
        "nauc_precision_at_20_std": 0.14144703524646526,
        "nauc_precision_at_3_diff1": 0.1643514947034949,
        "nauc_precision_at_3_max": 0.3437093365807185,
        "nauc_precision_at_3_std": 0.09972465744145485,
        "nauc_precision_at_5_diff1": 0.14602008452003706,
        "nauc_precision_at_5_max": 0.32424824924884443,
        "nauc_precision_at_5_std": 0.09952250231676363,
        "nauc_recall_at_1000_diff1": 0.0923411086384618,
        "nauc_recall_at_1000_max": 0.21827904498512754,
        "nauc_recall_at_1000_std": 0.201285832875271,
        "nauc_recall_at_100_diff1": 0.0835969043600502,
        "nauc_recall_at_100_max": 0.24271815426588803,
        "nauc_recall_at_100_std": 0.1710362451871617,
        "nauc_recall_at_10_diff1": 0.11437596606467236,
        "nauc_recall_at_10_max": 0.2945335036086183,
        "nauc_recall_at_10_std": 0.11423689992204261,
        "nauc_recall_at_1_diff1": 0.281240764978414,
        "nauc_recall_at_1_max": 0.3439394887824967,
        "nauc_recall_at_1_std": 0.03609737508962941,
        "nauc_recall_at_20_diff1": 0.0996792760796939,
        "nauc_recall_at_20_max": 0.2754307845734561,
        "nauc_recall_at_20_std": 0.1414470352464654,
        "nauc_recall_at_3_diff1": 0.16435149470349478,
        "nauc_recall_at_3_max": 0.3437093365807186,
        "nauc_recall_at_3_std": 0.09972465744145496,
        "nauc_recall_at_5_diff1": 0.14602008452003695,
        "nauc_recall_at_5_max": 0.3242482492488444,
        "nauc_recall_at_5_std": 0.09952250231676366,
        "ndcg_at_1": 0.12871,
        "ndcg_at_10": 0.22341,
        "ndcg_at_100": 0.27555,
        "ndcg_at_1000": 0.31755,
        "ndcg_at_20": 0.24319,
        "ndcg_at_3": 0.18619,
        "ndcg_at_5": 0.20254,
        "precision_at_1": 0.12871,
        "precision_at_10": 0.03317,
        "precision_at_100": 0.00587,
        "precision_at_1000": 0.00093,
        "precision_at_20": 0.02046,
        "precision_at_3": 0.0755,
        "precision_at_5": 0.0533,
        "recall_at_1": 0.12871,
        "recall_at_10": 0.33168,
        "recall_at_100": 0.58746,
        "recall_at_1000": 0.93441,
        "recall_at_20": 0.40924,
        "recall_at_3": 0.22649,
        "recall_at_5": 0.2665
      }
    ]
  },
  "task_name": "MintakaRetrieval"
}