{
  "dataset_revision": "main",
  "evaluation_time": 29.330244064331055,
  "kg_co2_emissions": null,
  "mteb_version": "1.12.39",
  "scores": {
    "test": [
      {
        "hf_subset": "spanish",
        "languages": [
          "spa-Latn"
        ],
        "main_score": 0.79986,
        "map_at_1": 0.66049,
        "map_at_10": 0.75861,
        "map_at_100": 0.76217,
        "map_at_1000": 0.76217,
        "map_at_20": 0.76085,
        "map_at_3": 0.74177,
        "map_at_5": 0.75226,
        "mrr_at_1": 0.6604938271604939,
        "mrr_at_10": 0.758612580834803,
        "mrr_at_100": 0.7621733860200397,
        "mrr_at_1000": 0.7621733860200397,
        "mrr_at_20": 0.7608541321504283,
        "mrr_at_3": 0.7417695473251028,
        "mrr_at_5": 0.7522633744855967,
        "nauc_map_at_1000_diff1": 0.6774619754625252,
        "nauc_map_at_1000_max": 0.4236581592472692,
        "nauc_map_at_1000_std": -0.08714783484175787,
        "nauc_map_at_100_diff1": 0.6774619754625252,
        "nauc_map_at_100_max": 0.4236581592472692,
        "nauc_map_at_100_std": -0.08714783484175787,
        "nauc_map_at_10_diff1": 0.6748903298278056,
        "nauc_map_at_10_max": 0.4225312433072887,
        "nauc_map_at_10_std": -0.08686429045815387,
        "nauc_map_at_1_diff1": 0.7064052409698545,
        "nauc_map_at_1_max": 0.4342494609664663,
        "nauc_map_at_1_std": -0.07607275266362531,
        "nauc_map_at_20_diff1": 0.6775511135059535,
        "nauc_map_at_20_max": 0.4251292390484833,
        "nauc_map_at_20_std": -0.08840174714571644,
        "nauc_map_at_3_diff1": 0.6744129638828698,
        "nauc_map_at_3_max": 0.417797107518186,
        "nauc_map_at_3_std": -0.0885677543135244,
        "nauc_map_at_5_diff1": 0.6731851323787795,
        "nauc_map_at_5_max": 0.41858047576563845,
        "nauc_map_at_5_std": -0.08788180458237041,
        "nauc_mrr_at_1000_diff1": 0.6774619754625252,
        "nauc_mrr_at_1000_max": 0.4236581592472692,
        "nauc_mrr_at_1000_std": -0.08714783484175787,
        "nauc_mrr_at_100_diff1": 0.6774619754625252,
        "nauc_mrr_at_100_max": 0.4236581592472692,
        "nauc_mrr_at_100_std": -0.08714783484175787,
        "nauc_mrr_at_10_diff1": 0.6748903298278056,
        "nauc_mrr_at_10_max": 0.4225312433072887,
        "nauc_mrr_at_10_std": -0.08686429045815387,
        "nauc_mrr_at_1_diff1": 0.7064052409698545,
        "nauc_mrr_at_1_max": 0.4342494609664663,
        "nauc_mrr_at_1_std": -0.07607275266362531,
        "nauc_mrr_at_20_diff1": 0.6775511135059535,
        "nauc_mrr_at_20_max": 0.4251292390484833,
        "nauc_mrr_at_20_std": -0.08840174714571644,
        "nauc_mrr_at_3_diff1": 0.6744129638828698,
        "nauc_mrr_at_3_max": 0.417797107518186,
        "nauc_mrr_at_3_std": -0.0885677543135244,
        "nauc_mrr_at_5_diff1": 0.6731851323787795,
        "nauc_mrr_at_5_max": 0.41858047576563845,
        "nauc_mrr_at_5_std": -0.08788180458237041,
        "nauc_ndcg_at_1000_diff1": 0.6757905695030055,
        "nauc_ndcg_at_1000_max": 0.42679039390447276,
        "nauc_ndcg_at_1000_std": -0.08953081840047505,
        "nauc_ndcg_at_100_diff1": 0.6757905695030055,
        "nauc_ndcg_at_100_max": 0.42679039390447276,
        "nauc_ndcg_at_100_std": -0.08953081840047505,
        "nauc_ndcg_at_10_diff1": 0.6678585315282368,
        "nauc_ndcg_at_10_max": 0.42971172804058005,
        "nauc_ndcg_at_10_std": -0.09124694767206765,
        "nauc_ndcg_at_1_diff1": 0.7064052409698545,
        "nauc_ndcg_at_1_max": 0.4342494609664663,
        "nauc_ndcg_at_1_std": -0.07607275266362531,
        "nauc_ndcg_at_20_diff1": 0.6766853993287619,
        "nauc_ndcg_at_20_max": 0.4379399080889285,
        "nauc_ndcg_at_20_std": -0.10065852812661286,
        "nauc_ndcg_at_3_diff1": 0.6674759617755959,
        "nauc_ndcg_at_3_max": 0.4191587801756736,
        "nauc_ndcg_at_3_std": -0.09301620135869994,
        "nauc_ndcg_at_5_diff1": 0.6645402441922457,
        "nauc_ndcg_at_5_max": 0.4211343056226352,
        "nauc_ndcg_at_5_std": -0.09138637755826204,
        "nauc_precision_at_1000_diff1": 1.0,
        "nauc_precision_at_1000_max": 1.0,
        "nauc_precision_at_1000_std": 1.0,
        "nauc_precision_at_100_diff1": NaN,
        "nauc_precision_at_100_max": NaN,
        "nauc_precision_at_100_std": NaN,
        "nauc_precision_at_10_diff1": 0.6170970825585262,
        "nauc_precision_at_10_max": 0.49874689435679553,
        "nauc_precision_at_10_std": -0.12963008497867104,
        "nauc_precision_at_1_diff1": 0.7064052409698545,
        "nauc_precision_at_1_max": 0.4342494609664663,
        "nauc_precision_at_1_std": -0.07607275266362531,
        "nauc_precision_at_20_diff1": 0.6944620275438194,
        "nauc_precision_at_20_max": 0.6445936812192934,
        "nauc_precision_at_20_std": -0.3196232555015065,
        "nauc_precision_at_3_diff1": 0.6410597399431719,
        "nauc_precision_at_3_max": 0.4285180505795624,
        "nauc_precision_at_3_std": -0.11142865556400589,
        "nauc_precision_at_5_diff1": 0.6213273205999843,
        "nauc_precision_at_5_max": 0.44046332547202827,
        "nauc_precision_at_5_std": -0.10859453314531092,
        "nauc_recall_at_1000_diff1": NaN,
        "nauc_recall_at_1000_max": NaN,
        "nauc_recall_at_1000_std": NaN,
        "nauc_recall_at_100_diff1": NaN,
        "nauc_recall_at_100_max": NaN,
        "nauc_recall_at_100_std": NaN,
        "nauc_recall_at_10_diff1": 0.6170970825585277,
        "nauc_recall_at_10_max": 0.49874689435679687,
        "nauc_recall_at_10_std": -0.1296300849786717,
        "nauc_recall_at_1_diff1": 0.7064052409698545,
        "nauc_recall_at_1_max": 0.4342494609664663,
        "nauc_recall_at_1_std": -0.07607275266362531,
        "nauc_recall_at_20_diff1": 0.6944620275438232,
        "nauc_recall_at_20_max": 0.6445936812192942,
        "nauc_recall_at_20_std": -0.3196232555015088,
        "nauc_recall_at_3_diff1": 0.6410597399431729,
        "nauc_recall_at_3_max": 0.4285180505795632,
        "nauc_recall_at_3_std": -0.11142865556400469,
        "nauc_recall_at_5_diff1": 0.6213273205999849,
        "nauc_recall_at_5_max": 0.4404633254720291,
        "nauc_recall_at_5_std": -0.10859453314531155,
        "ndcg_at_1": 0.66049,
        "ndcg_at_10": 0.79986,
        "ndcg_at_100": 0.81627,
        "ndcg_at_1000": 0.81627,
        "ndcg_at_20": 0.80778,
        "ndcg_at_3": 0.76697,
        "ndcg_at_5": 0.78531,
        "precision_at_1": 0.66049,
        "precision_at_10": 0.09259,
        "precision_at_100": 0.01,
        "precision_at_1000": 0.001,
        "precision_at_20": 0.04784,
        "precision_at_3": 0.27984,
        "precision_at_5": 0.17654,
        "recall_at_1": 0.66049,
        "recall_at_10": 0.92593,
        "recall_at_100": 1.0,
        "recall_at_1000": 1.0,
        "recall_at_20": 0.95679,
        "recall_at_3": 0.83951,
        "recall_at_5": 0.88272
      }
    ]
  },
  "task_name": "PublicHealthQA"
}