{
  "dataset_revision": "9cddf2ce5209ade52c2115ccfa00eb22c6d3a837",
  "evaluation_time": 22.305843830108643,
  "kg_co2_emissions": null,
  "mteb_version": "1.12.39",
  "scores": {
    "test": [
      {
        "hf_subset": "default",
        "languages": [
          "spa-Latn"
        ],
        "main_score": 0.70373,
        "map_at_1": 0.15854,
        "map_at_10": 0.51967,
        "map_at_100": 0.63525,
        "map_at_1000": 0.63531,
        "map_at_20": 0.58813,
        "map_at_3": 0.31737,
        "map_at_5": 0.40325,
        "mrr_at_1": 0.7544910179640718,
        "mrr_at_10": 0.8404191616766465,
        "mrr_at_100": 0.8411401277712133,
        "mrr_at_1000": 0.8411401277712133,
        "mrr_at_20": 0.8408797789037309,
        "mrr_at_3": 0.8253493013972055,
        "mrr_at_5": 0.8388223552894211,
        "nauc_map_at_1000_diff1": 0.34780986840999617,
        "nauc_map_at_1000_max": 0.22237047642628488,
        "nauc_map_at_1000_std": -0.12575120173953228,
        "nauc_map_at_100_diff1": 0.3478680904367282,
        "nauc_map_at_100_max": 0.22258955018438925,
        "nauc_map_at_100_std": -0.12547095494706675,
        "nauc_map_at_10_diff1": 0.4769298756809457,
        "nauc_map_at_10_max": 0.19339875263389794,
        "nauc_map_at_10_std": -0.3097969413847308,
        "nauc_map_at_1_diff1": 0.7076811362225229,
        "nauc_map_at_1_max": 0.1639273306318211,
        "nauc_map_at_1_std": -0.4324695301980782,
        "nauc_map_at_20_diff1": 0.40151426836703374,
        "nauc_map_at_20_max": 0.2066749474747903,
        "nauc_map_at_20_std": -0.19478867203413594,
        "nauc_map_at_3_diff1": 0.6641796208585916,
        "nauc_map_at_3_max": 0.13852784043706112,
        "nauc_map_at_3_std": -0.39966924788334546,
        "nauc_map_at_5_diff1": 0.5773954975542298,
        "nauc_map_at_5_max": 0.12174083915916546,
        "nauc_map_at_5_std": -0.35953257570961594,
        "nauc_mrr_at_1000_diff1": 0.4667117035242082,
        "nauc_mrr_at_1000_max": 0.4107438706780414,
        "nauc_mrr_at_1000_std": -0.17866901602604005,
        "nauc_mrr_at_100_diff1": 0.4667117035242082,
        "nauc_mrr_at_100_max": 0.4107438706780414,
        "nauc_mrr_at_100_std": -0.17866901602604005,
        "nauc_mrr_at_10_diff1": 0.4679439410265647,
        "nauc_mrr_at_10_max": 0.4132493696110517,
        "nauc_mrr_at_10_std": -0.18058301452301814,
        "nauc_mrr_at_1_diff1": 0.4609036624080412,
        "nauc_mrr_at_1_max": 0.4011211225755551,
        "nauc_mrr_at_1_std": -0.1900189979001662,
        "nauc_mrr_at_20_diff1": 0.4676690947558237,
        "nauc_mrr_at_20_max": 0.41180173873011877,
        "nauc_mrr_at_20_std": -0.1793623774521881,
        "nauc_mrr_at_3_diff1": 0.4775428572163414,
        "nauc_mrr_at_3_max": 0.4138505586310526,
        "nauc_mrr_at_3_std": -0.19043898646219992,
        "nauc_mrr_at_5_diff1": 0.467349238059751,
        "nauc_mrr_at_5_max": 0.3992261886630868,
        "nauc_mrr_at_5_std": -0.18634513854121443,
        "nauc_ndcg_at_1000_diff1": 0.3378247949952837,
        "nauc_ndcg_at_1000_max": 0.2764497665987558,
        "nauc_ndcg_at_1000_std": -0.07543513586371473,
        "nauc_ndcg_at_100_diff1": 0.3382858645749299,
        "nauc_ndcg_at_100_max": 0.2779895997848291,
        "nauc_ndcg_at_100_std": -0.07342518176520252,
        "nauc_ndcg_at_10_diff1": 0.3899729632422709,
        "nauc_ndcg_at_10_max": 0.26261313388869745,
        "nauc_ndcg_at_10_std": -0.17915099579503663,
        "nauc_ndcg_at_1_diff1": 0.4609036624080412,
        "nauc_ndcg_at_1_max": 0.4011211225755551,
        "nauc_ndcg_at_1_std": -0.1900189979001662,
        "nauc_ndcg_at_20_diff1": 0.4091923698924338,
        "nauc_ndcg_at_20_max": 0.2392260031511339,
        "nauc_ndcg_at_20_std": -0.176726253145597,
        "nauc_ndcg_at_3_diff1": 0.2681887882910025,
        "nauc_ndcg_at_3_max": 0.2657146436919544,
        "nauc_ndcg_at_3_std": -0.03533754944326467,
        "nauc_ndcg_at_5_diff1": 0.30959772405929786,
        "nauc_ndcg_at_5_max": 0.24672056568274603,
        "nauc_ndcg_at_5_std": -0.0698637034606598,
        "nauc_precision_at_1000_diff1": -0.4157370458610295,
        "nauc_precision_at_1000_max": 0.04991803551955242,
        "nauc_precision_at_1000_std": 0.42387507985629497,
        "nauc_precision_at_100_diff1": -0.4147694032210082,
        "nauc_precision_at_100_max": 0.05126928425733801,
        "nauc_precision_at_100_std": 0.42486192584115157,
        "nauc_precision_at_10_diff1": -0.4168532761764801,
        "nauc_precision_at_10_max": 0.15486716158833408,
        "nauc_precision_at_10_std": 0.36524527190025147,
        "nauc_precision_at_1_diff1": 0.4609036624080412,
        "nauc_precision_at_1_max": 0.4011211225755551,
        "nauc_precision_at_1_std": -0.1900189979001662,
        "nauc_precision_at_20_diff1": -0.40420304646890826,
        "nauc_precision_at_20_max": 0.07423470631588905,
        "nauc_precision_at_20_std": 0.4172969899844053,
        "nauc_precision_at_3_diff1": -0.001969301754427926,
        "nauc_precision_at_3_max": 0.1846471055080392,
        "nauc_precision_at_3_std": 0.14916997977440735,
        "nauc_precision_at_5_diff1": -0.2951153770711459,
        "nauc_precision_at_5_max": 0.11901343884058992,
        "nauc_precision_at_5_std": 0.3053281318232279,
        "nauc_recall_at_1000_diff1": NaN,
        "nauc_recall_at_1000_max": NaN,
        "nauc_recall_at_1000_std": NaN,
        "nauc_recall_at_100_diff1": 0.5544761861882196,
        "nauc_recall_at_100_max": 1.0,
        "nauc_recall_at_100_std": 0.8690196078430636,
        "nauc_recall_at_10_diff1": 0.47528545780774856,
        "nauc_recall_at_10_max": 0.1635934001342106,
        "nauc_recall_at_10_std": -0.4065361897631217,
        "nauc_recall_at_1_diff1": 0.7076811362225229,
        "nauc_recall_at_1_max": 0.1639273306318211,
        "nauc_recall_at_1_std": -0.4324695301980782,
        "nauc_recall_at_20_diff1": 0.45345202228741366,
        "nauc_recall_at_20_max": 0.15309688151967915,
        "nauc_recall_at_20_std": -0.28361168437162326,
        "nauc_recall_at_3_diff1": 0.6531549959201955,
        "nauc_recall_at_3_max": 0.10033116888202623,
        "nauc_recall_at_3_std": -0.432775458386401,
        "nauc_recall_at_5_diff1": 0.5421383865805801,
        "nauc_recall_at_5_max": 0.059072564149629685,
        "nauc_recall_at_5_std": -0.4110006532379634,
        "ndcg_at_1": 0.75449,
        "ndcg_at_10": 0.70373,
        "ndcg_at_100": 0.81399,
        "ndcg_at_1000": 0.81423,
        "ndcg_at_20": 0.74139,
        "ndcg_at_3": 0.68539,
        "ndcg_at_5": 0.682,
        "precision_at_1": 0.75449,
        "precision_at_10": 0.44132,
        "precision_at_100": 0.07713,
        "precision_at_1000": 0.00772,
        "precision_at_20": 0.29641,
        "precision_at_3": 0.63074,
        "precision_at_5": 0.55928,
        "recall_at_1": 0.15854,
        "recall_at_10": 0.68702,
        "recall_at_100": 0.99914,
        "recall_at_1000": 1.0,
        "recall_at_20": 0.82174,
        "recall_at_3": 0.35747,
        "recall_at_5": 0.48718
      }
    ]
  },
  "task_name": "SpanishPassageRetrievalS2S"
}