{
  "dataset_revision": "51adfef1c1287aab1d2d91b5bead9bcfb9c68583",
  "evaluation_time": 8.197790384292603,
  "kg_co2_emissions": null,
  "mteb_version": "1.12.39",
  "scores": {
    "validation": [
      {
        "hf_subset": "es",
        "languages": [
          "spa-Latn"
        ],
        "main_score": 0.96649,
        "map_at_1": 0.9299,
        "map_at_10": 0.95627,
        "map_at_100": 0.95642,
        "map_at_1000": 0.95642,
        "map_at_20": 0.95639,
        "map_at_3": 0.95256,
        "map_at_5": 0.95543,
        "mrr_at_1": 0.9298986486486487,
        "mrr_at_10": 0.9562744664307169,
        "mrr_at_100": 0.9564209249296571,
        "mrr_at_1000": 0.9564209249296571,
        "mrr_at_20": 0.956394531348576,
        "mrr_at_3": 0.952561936936937,
        "mrr_at_5": 0.9554335585585589,
        "nauc_map_at_1000_diff1": 0.921185391628374,
        "nauc_map_at_1000_max": 0.6576585579221138,
        "nauc_map_at_1000_std": 0.21933144412549752,
        "nauc_map_at_100_diff1": 0.921185391628374,
        "nauc_map_at_100_max": 0.6576585579221138,
        "nauc_map_at_100_std": 0.21933144412549752,
        "nauc_map_at_10_diff1": 0.9213009104587758,
        "nauc_map_at_10_max": 0.6586567588227937,
        "nauc_map_at_10_std": 0.22038572155157674,
        "nauc_map_at_1_diff1": 0.920431833029575,
        "nauc_map_at_1_max": 0.6234160492455382,
        "nauc_map_at_1_std": 0.18603836869788748,
        "nauc_map_at_20_diff1": 0.9212330966484269,
        "nauc_map_at_20_max": 0.657865770844904,
        "nauc_map_at_20_std": 0.21980396831716806,
        "nauc_map_at_3_diff1": 0.919643514342214,
        "nauc_map_at_3_max": 0.6638380262492327,
        "nauc_map_at_3_std": 0.21962358109814037,
        "nauc_map_at_5_diff1": 0.9219810338253163,
        "nauc_map_at_5_max": 0.6648222870467629,
        "nauc_map_at_5_std": 0.2280235577407446,
        "nauc_mrr_at_1000_diff1": 0.921185391628374,
        "nauc_mrr_at_1000_max": 0.6576585579221138,
        "nauc_mrr_at_1000_std": 0.21933144412549752,
        "nauc_mrr_at_100_diff1": 0.921185391628374,
        "nauc_mrr_at_100_max": 0.6576585579221138,
        "nauc_mrr_at_100_std": 0.21933144412549752,
        "nauc_mrr_at_10_diff1": 0.9213009104587758,
        "nauc_mrr_at_10_max": 0.6586567588227937,
        "nauc_mrr_at_10_std": 0.22038572155157674,
        "nauc_mrr_at_1_diff1": 0.920431833029575,
        "nauc_mrr_at_1_max": 0.6234160492455382,
        "nauc_mrr_at_1_std": 0.18603836869788748,
        "nauc_mrr_at_20_diff1": 0.9212330966484269,
        "nauc_mrr_at_20_max": 0.657865770844904,
        "nauc_mrr_at_20_std": 0.21980396831716806,
        "nauc_mrr_at_3_diff1": 0.919643514342214,
        "nauc_mrr_at_3_max": 0.6638380262492327,
        "nauc_mrr_at_3_std": 0.21962358109814037,
        "nauc_mrr_at_5_diff1": 0.9219810338253163,
        "nauc_mrr_at_5_max": 0.6648222870467629,
        "nauc_mrr_at_5_std": 0.2280235577407446,
        "nauc_ndcg_at_1000_diff1": 0.9213879095724823,
        "nauc_ndcg_at_1000_max": 0.6617261175044244,
        "nauc_ndcg_at_1000_std": 0.22412290969575516,
        "nauc_ndcg_at_100_diff1": 0.9213879095724823,
        "nauc_ndcg_at_100_max": 0.6617261175044244,
        "nauc_ndcg_at_100_std": 0.22412290969575516,
        "nauc_ndcg_at_10_diff1": 0.9220014493472395,
        "nauc_ndcg_at_10_max": 0.6669748906359305,
        "nauc_ndcg_at_10_std": 0.2312084393294489,
        "nauc_ndcg_at_1_diff1": 0.920431833029575,
        "nauc_ndcg_at_1_max": 0.6234160492455382,
        "nauc_ndcg_at_1_std": 0.18603836869788748,
        "nauc_ndcg_at_20_diff1": 0.9217857889625972,
        "nauc_ndcg_at_20_max": 0.6634382231783379,
        "nauc_ndcg_at_20_std": 0.22804985657905577,
        "nauc_ndcg_at_3_diff1": 0.9188548939004717,
        "nauc_ndcg_at_3_max": 0.6800304674485118,
        "nauc_ndcg_at_3_std": 0.23273239972793494,
        "nauc_ndcg_at_5_diff1": 0.9238834674376439,
        "nauc_ndcg_at_5_max": 0.6858940403412974,
        "nauc_ndcg_at_5_std": 0.25336599923102227,
        "nauc_precision_at_1000_diff1": 1.0,
        "nauc_precision_at_1000_max": 1.0,
        "nauc_precision_at_1000_std": 1.0,
        "nauc_precision_at_100_diff1": 1.0,
        "nauc_precision_at_100_max": 1.0,
        "nauc_precision_at_100_std": 1.0,
        "nauc_precision_at_10_diff1": 0.956443365338596,
        "nauc_precision_at_10_max": 0.956443365338596,
        "nauc_precision_at_10_std": 0.6640202050063402,
        "nauc_precision_at_1_diff1": 0.920431833029575,
        "nauc_precision_at_1_max": 0.6234160492455382,
        "nauc_precision_at_1_std": 0.18603836869788748,
        "nauc_precision_at_20_diff1": 1.0,
        "nauc_precision_at_20_max": 1.0,
        "nauc_precision_at_20_std": 1.0,
        "nauc_precision_at_3_diff1": 0.9137363782342662,
        "nauc_precision_at_3_max": 0.7774210714093309,
        "nauc_precision_at_3_std": 0.3113025626032155,
        "nauc_precision_at_5_diff1": 0.9524836712785049,
        "nauc_precision_at_5_max": 0.9762418356392524,
        "nauc_precision_at_5_std": 0.6088234777946944,
        "nauc_recall_at_1000_diff1": NaN,
        "nauc_recall_at_1000_max": NaN,
        "nauc_recall_at_1000_std": NaN,
        "nauc_recall_at_100_diff1": NaN,
        "nauc_recall_at_100_max": NaN,
        "nauc_recall_at_100_std": NaN,
        "nauc_recall_at_10_diff1": 0.9564433653385848,
        "nauc_recall_at_10_max": 0.9564433653385848,
        "nauc_recall_at_10_std": 0.6640202050063789,
        "nauc_recall_at_1_diff1": 0.920431833029575,
        "nauc_recall_at_1_max": 0.6234160492455382,
        "nauc_recall_at_1_std": 0.18603836869788748,
        "nauc_recall_at_20_diff1": 1.0,
        "nauc_recall_at_20_max": 1.0,
        "nauc_recall_at_20_std": 1.0,
        "nauc_recall_at_3_diff1": 0.9137363782342711,
        "nauc_recall_at_3_max": 0.7774210714093432,
        "nauc_recall_at_3_std": 0.3113025626032132,
        "nauc_recall_at_5_diff1": 0.9524836712785105,
        "nauc_recall_at_5_max": 0.9762418356392553,
        "nauc_recall_at_5_std": 0.6088234777946975,
        "ndcg_at_1": 0.9299,
        "ndcg_at_10": 0.96649,
        "ndcg_at_100": 0.96709,
        "ndcg_at_1000": 0.96709,
        "ndcg_at_20": 0.96692,
        "ndcg_at_3": 0.95917,
        "ndcg_at_5": 0.96436,
        "precision_at_1": 0.9299,
        "precision_at_10": 0.09975,
        "precision_at_100": 0.01,
        "precision_at_1000": 0.001,
        "precision_at_20": 0.04996,
        "precision_at_3": 0.32601,
        "precision_at_5": 0.19814,
        "recall_at_1": 0.9299,
        "recall_at_10": 0.99747,
        "recall_at_100": 1.0,
        "recall_at_1000": 1.0,
        "recall_at_20": 0.99916,
        "recall_at_3": 0.97804,
        "recall_at_5": 0.99071
      }
    ]
  },
  "task_name": "XQuADRetrieval"
}