{
  "dataset_revision": "efa78cc2f74bbcd21eff2261f9e13aebe40b814e",
  "evaluation_time": 5.37589168548584,
  "kg_co2_emissions": null,
  "mteb_version": "1.12.39",
  "scores": {
    "test": [
      {
        "hf_subset": "es",
        "languages": [
          "spa-Latn"
        ],
        "main_score": 0.16548,
        "map_at_1": 0.07838,
        "map_at_10": 0.13323,
        "map_at_100": 0.14114,
        "map_at_1000": 0.14253,
        "map_at_20": 0.13731,
        "map_at_3": 0.11496,
        "map_at_5": 0.12503,
        "mrr_at_1": 0.07838283828382839,
        "mrr_at_10": 0.13323085284718922,
        "mrr_at_100": 0.14114037716151875,
        "mrr_at_1000": 0.14252930048507964,
        "mrr_at_20": 0.13730922184476776,
        "mrr_at_3": 0.11496149614961494,
        "mrr_at_5": 0.12502750275027485,
        "nauc_map_at_1000_diff1": 0.1666180871642933,
        "nauc_map_at_1000_max": 0.1750662593898178,
        "nauc_map_at_1000_std": 0.13889883579510792,
        "nauc_map_at_100_diff1": 0.1662284349336637,
        "nauc_map_at_100_max": 0.17529508815374154,
        "nauc_map_at_100_std": 0.13910399333233373,
        "nauc_map_at_10_diff1": 0.17001363721919535,
        "nauc_map_at_10_max": 0.1797703674760386,
        "nauc_map_at_10_std": 0.14022373698317853,
        "nauc_map_at_1_diff1": 0.2816720992618195,
        "nauc_map_at_1_max": 0.1798827660041875,
        "nauc_map_at_1_std": 0.11059226026701093,
        "nauc_map_at_20_diff1": 0.16866355796920554,
        "nauc_map_at_20_max": 0.17782673427387416,
        "nauc_map_at_20_std": 0.14044063214842467,
        "nauc_map_at_3_diff1": 0.19223269902510867,
        "nauc_map_at_3_max": 0.1737223392631852,
        "nauc_map_at_3_std": 0.12906518563193872,
        "nauc_map_at_5_diff1": 0.17914011218072062,
        "nauc_map_at_5_max": 0.1803536954024063,
        "nauc_map_at_5_std": 0.1365677627294623,
        "nauc_mrr_at_1000_diff1": 0.1666180871642933,
        "nauc_mrr_at_1000_max": 0.1750662593898178,
        "nauc_mrr_at_1000_std": 0.13889883579510792,
        "nauc_mrr_at_100_diff1": 0.1662284349336637,
        "nauc_mrr_at_100_max": 0.17529508815374154,
        "nauc_mrr_at_100_std": 0.13910399333233373,
        "nauc_mrr_at_10_diff1": 0.17001363721919535,
        "nauc_mrr_at_10_max": 0.1797703674760386,
        "nauc_mrr_at_10_std": 0.14022373698317853,
        "nauc_mrr_at_1_diff1": 0.2816720992618195,
        "nauc_mrr_at_1_max": 0.1798827660041875,
        "nauc_mrr_at_1_std": 0.11059226026701093,
        "nauc_mrr_at_20_diff1": 0.16866355796920554,
        "nauc_mrr_at_20_max": 0.17782673427387416,
        "nauc_mrr_at_20_std": 0.14044063214842467,
        "nauc_mrr_at_3_diff1": 0.19223269902510867,
        "nauc_mrr_at_3_max": 0.1737223392631852,
        "nauc_mrr_at_3_std": 0.12906518563193872,
        "nauc_mrr_at_5_diff1": 0.17914011218072062,
        "nauc_mrr_at_5_max": 0.1803536954024063,
        "nauc_mrr_at_5_std": 0.1365677627294623,
        "nauc_ndcg_at_1000_diff1": 0.1288208179044034,
        "nauc_ndcg_at_1000_max": 0.16094091919385248,
        "nauc_ndcg_at_1000_std": 0.14176634076444566,
        "nauc_ndcg_at_100_diff1": 0.11591678293100564,
        "nauc_ndcg_at_100_max": 0.15974291568493476,
        "nauc_ndcg_at_100_std": 0.1432967333785893,
        "nauc_ndcg_at_10_diff1": 0.13337055165704745,
        "nauc_ndcg_at_10_max": 0.18285450472033085,
        "nauc_ndcg_at_10_std": 0.15121808142977453,
        "nauc_ndcg_at_1_diff1": 0.2816720992618195,
        "nauc_ndcg_at_1_max": 0.1798827660041875,
        "nauc_ndcg_at_1_std": 0.11059226026701093,
        "nauc_ndcg_at_20_diff1": 0.13050844522353452,
        "nauc_ndcg_at_20_max": 0.17719835319494498,
        "nauc_ndcg_at_20_std": 0.15212794739793384,
        "nauc_ndcg_at_3_diff1": 0.1709003542265605,
        "nauc_ndcg_at_3_max": 0.173088647270922,
        "nauc_ndcg_at_3_std": 0.13216158922258986,
        "nauc_ndcg_at_5_diff1": 0.1511732347509773,
        "nauc_ndcg_at_5_max": 0.18424322924075145,
        "nauc_ndcg_at_5_std": 0.14470622170262354,
        "nauc_precision_at_1000_diff1": -0.007594878436877857,
        "nauc_precision_at_1000_max": 0.050120943214360156,
        "nauc_precision_at_1000_std": 0.12949352973846803,
        "nauc_precision_at_100_diff1": 0.006049101139922704,
        "nauc_precision_at_100_max": 0.10771914623251887,
        "nauc_precision_at_100_std": 0.1415370123735149,
        "nauc_precision_at_10_diff1": 0.06188379038677309,
        "nauc_precision_at_10_max": 0.18927920012064922,
        "nauc_precision_at_10_std": 0.1729541508587404,
        "nauc_precision_at_1_diff1": 0.2816720992618195,
        "nauc_precision_at_1_max": 0.1798827660041875,
        "nauc_precision_at_1_std": 0.11059226026701093,
        "nauc_precision_at_20_diff1": 0.059239789747611515,
        "nauc_precision_at_20_max": 0.17430027631771922,
        "nauc_precision_at_20_std": 0.17466469009954885,
        "nauc_precision_at_3_diff1": 0.12431006484606857,
        "nauc_precision_at_3_max": 0.17189746067646125,
        "nauc_precision_at_3_std": 0.13862203074968843,
        "nauc_precision_at_5_diff1": 0.09469154579773151,
        "nauc_precision_at_5_max": 0.1932157547161934,
        "nauc_precision_at_5_std": 0.16181434192703428,
        "nauc_recall_at_1000_diff1": -0.007594878436880864,
        "nauc_recall_at_1000_max": 0.05012094321435784,
        "nauc_recall_at_1000_std": 0.1294935297384662,
        "nauc_recall_at_100_diff1": 0.006049101139922711,
        "nauc_recall_at_100_max": 0.10771914623251896,
        "nauc_recall_at_100_std": 0.14153701237351518,
        "nauc_recall_at_10_diff1": 0.061883790386772934,
        "nauc_recall_at_10_max": 0.18927920012064897,
        "nauc_recall_at_10_std": 0.17295415085874052,
        "nauc_recall_at_1_diff1": 0.2816720992618195,
        "nauc_recall_at_1_max": 0.1798827660041875,
        "nauc_recall_at_1_std": 0.11059226026701093,
        "nauc_recall_at_20_diff1": 0.059239789747611564,
        "nauc_recall_at_20_max": 0.17430027631771944,
        "nauc_recall_at_20_std": 0.174664690099549,
        "nauc_recall_at_3_diff1": 0.12431006484606853,
        "nauc_recall_at_3_max": 0.17189746067646117,
        "nauc_recall_at_3_std": 0.1386220307496883,
        "nauc_recall_at_5_diff1": 0.09469154579773162,
        "nauc_recall_at_5_max": 0.19321575471619337,
        "nauc_recall_at_5_std": 0.16181434192703414,
        "ndcg_at_1": 0.07838,
        "ndcg_at_10": 0.16548,
        "ndcg_at_100": 0.20996,
        "ndcg_at_1000": 0.2575,
        "ndcg_at_20": 0.18037,
        "ndcg_at_3": 0.12736,
        "ndcg_at_5": 0.14552,
        "precision_at_1": 0.07838,
        "precision_at_10": 0.02694,
        "precision_at_100": 0.00492,
        "precision_at_1000": 0.00089,
        "precision_at_20": 0.01642,
        "precision_at_3": 0.05446,
        "precision_at_5": 0.0415,
        "recall_at_1": 0.07838,
        "recall_at_10": 0.26939,
        "recall_at_100": 0.49175,
        "recall_at_1000": 0.89068,
        "recall_at_20": 0.32838,
        "recall_at_3": 0.16337,
        "recall_at_5": 0.20751
      }
    ]
  },
  "task_name": "MintakaRetrieval"
}