{
  "dataset_revision": "d28a029f35c4ff7f616df47b0edf54e6882395e6",
  "evaluation_time": 10.257708072662354,
  "kg_co2_emissions": null,
  "mteb_version": "1.12.39",
  "scores": {
    "test": [
      {
        "hf_subset": "es",
        "languages": [
          "spa-Latn"
        ],
        "main_score": 0.70137,
        "map_at_1": 0.16905,
        "map_at_10": 0.58275,
        "map_at_100": 0.61653,
        "map_at_1000": 0.61698,
        "map_at_20": 0.60867,
        "map_at_3": 0.3394,
        "map_at_5": 0.44758,
        "mrr_at_1": 0.6064814814814815,
        "mrr_at_10": 0.7379102978640011,
        "mrr_at_100": 0.7394134599050899,
        "mrr_at_1000": 0.7394261409878874,
        "mrr_at_20": 0.7390824695154755,
        "mrr_at_3": 0.7127057613168719,
        "mrr_at_5": 0.7296810699588472,
        "nauc_map_at_1000_diff1": -0.007317651601829682,
        "nauc_map_at_1000_max": 0.2490644015335197,
        "nauc_map_at_1000_std": -0.029799169495302803,
        "nauc_map_at_100_diff1": -0.007719721275631736,
        "nauc_map_at_100_max": 0.24962546711484293,
        "nauc_map_at_100_std": -0.029289444010632548,
        "nauc_map_at_10_diff1": 0.01050331289218261,
        "nauc_map_at_10_max": 0.23001133459075535,
        "nauc_map_at_10_std": -0.08129029291793735,
        "nauc_map_at_1_diff1": 0.2714552418104389,
        "nauc_map_at_1_max": -0.086681874170395,
        "nauc_map_at_1_std": -0.18115053894399663,
        "nauc_map_at_20_diff1": -0.008721745782685883,
        "nauc_map_at_20_max": 0.2474345966057929,
        "nauc_map_at_20_std": -0.042495808831597315,
        "nauc_map_at_3_diff1": 0.17544236349202122,
        "nauc_map_at_3_max": -0.0076818264438188255,
        "nauc_map_at_3_std": -0.17597340418326862,
        "nauc_map_at_5_diff1": 0.1360436258070462,
        "nauc_map_at_5_max": 0.06420219706097102,
        "nauc_map_at_5_std": -0.1664891364714567,
        "nauc_mrr_at_1000_diff1": 0.04666152249115081,
        "nauc_mrr_at_1000_max": 0.2591105083594061,
        "nauc_mrr_at_1000_std": 0.06181903773550218,
        "nauc_mrr_at_100_diff1": 0.046556555911408504,
        "nauc_mrr_at_100_max": 0.25914375659965,
        "nauc_mrr_at_100_std": 0.06187048830309337,
        "nauc_mrr_at_10_diff1": 0.045504359355399676,
        "nauc_mrr_at_10_max": 0.2618509793244554,
        "nauc_mrr_at_10_std": 0.06342587814363282,
        "nauc_mrr_at_1_diff1": 0.06943843886477287,
        "nauc_mrr_at_1_max": 0.2475828538025056,
        "nauc_mrr_at_1_std": 0.04992812953323326,
        "nauc_mrr_at_20_diff1": 0.046761001236736995,
        "nauc_mrr_at_20_max": 0.2596880071750121,
        "nauc_mrr_at_20_std": 0.06241501985573096,
        "nauc_mrr_at_3_diff1": 0.050031134955902765,
        "nauc_mrr_at_3_max": 0.2586528437889882,
        "nauc_mrr_at_3_std": 0.06358375016338534,
        "nauc_mrr_at_5_diff1": 0.05055951110438985,
        "nauc_mrr_at_5_max": 0.25714361301822386,
        "nauc_mrr_at_5_std": 0.05408001928168444,
        "nauc_ndcg_at_1000_diff1": -0.016948633271396018,
        "nauc_ndcg_at_1000_max": 0.28107444445965807,
        "nauc_ndcg_at_1000_std": 0.0279148519204702,
        "nauc_ndcg_at_100_diff1": -0.02435957839442378,
        "nauc_ndcg_at_100_max": 0.28829357087340346,
        "nauc_ndcg_at_100_std": 0.03556696125960638,
        "nauc_ndcg_at_10_diff1": -0.006459655096910712,
        "nauc_ndcg_at_10_max": 0.2709658157112583,
        "nauc_ndcg_at_10_std": -0.05256393450839078,
        "nauc_ndcg_at_1_diff1": 0.07419680913418852,
        "nauc_ndcg_at_1_max": 0.2383064141353194,
        "nauc_ndcg_at_1_std": 0.041193727938266936,
        "nauc_ndcg_at_20_diff1": -0.03357636423471913,
        "nauc_ndcg_at_20_max": 0.29169865632138653,
        "nauc_ndcg_at_20_std": 0.005726012551283487,
        "nauc_ndcg_at_3_diff1": 0.023928014078519768,
        "nauc_ndcg_at_3_max": 0.20647955612036906,
        "nauc_ndcg_at_3_std": 0.006816226632200675,
        "nauc_ndcg_at_5_diff1": 0.03653646357739245,
        "nauc_ndcg_at_5_max": 0.19295693716915094,
        "nauc_ndcg_at_5_std": -0.04933692877658081,
        "nauc_precision_at_1000_diff1": -0.23145976848291797,
        "nauc_precision_at_1000_max": 0.32335549722148454,
        "nauc_precision_at_1000_std": 0.2747536645535746,
        "nauc_precision_at_100_diff1": -0.2386339296134605,
        "nauc_precision_at_100_max": 0.34038373938743177,
        "nauc_precision_at_100_std": 0.2834666513613567,
        "nauc_precision_at_10_diff1": -0.2316321176806828,
        "nauc_precision_at_10_max": 0.3753559847509191,
        "nauc_precision_at_10_std": 0.17926475886086315,
        "nauc_precision_at_1_diff1": 0.07419680913418852,
        "nauc_precision_at_1_max": 0.2383064141353194,
        "nauc_precision_at_1_std": 0.041193727938266936,
        "nauc_precision_at_20_diff1": -0.24862792404465534,
        "nauc_precision_at_20_max": 0.3666776339747446,
        "nauc_precision_at_20_std": 0.2440853827750398,
        "nauc_precision_at_3_diff1": -0.11004575626475498,
        "nauc_precision_at_3_max": 0.30334316921249443,
        "nauc_precision_at_3_std": 0.10553272173166008,
        "nauc_precision_at_5_diff1": -0.15389688420874342,
        "nauc_precision_at_5_max": 0.3174612505984659,
        "nauc_precision_at_5_std": 0.10832962023166366,
        "nauc_recall_at_1000_diff1": 0.25741813956054227,
        "nauc_recall_at_1000_max": 0.9424639289678092,
        "nauc_recall_at_1000_std": 0.8456886210049609,
        "nauc_recall_at_100_diff1": -0.3565918324499385,
        "nauc_recall_at_100_max": 0.5223473536390963,
        "nauc_recall_at_100_std": 0.39930922783920736,
        "nauc_recall_at_10_diff1": -0.05909315665301678,
        "nauc_recall_at_10_max": 0.2398917972181278,
        "nauc_recall_at_10_std": -0.15447629776799762,
        "nauc_recall_at_1_diff1": 0.2714552418104389,
        "nauc_recall_at_1_max": -0.086681874170395,
        "nauc_recall_at_1_std": -0.18115053894399663,
        "nauc_recall_at_20_diff1": -0.21469244169421278,
        "nauc_recall_at_20_max": 0.34201246285418413,
        "nauc_recall_at_20_std": -0.011186791513805465,
        "nauc_recall_at_3_diff1": 0.1729133133676278,
        "nauc_recall_at_3_max": -0.06789516703990331,
        "nauc_recall_at_3_std": -0.20074860854858992,
        "nauc_recall_at_5_diff1": 0.14693017707271636,
        "nauc_recall_at_5_max": -0.028382631058508752,
        "nauc_recall_at_5_std": -0.22696374998581995,
        "ndcg_at_1": 0.60494,
        "ndcg_at_10": 0.70137,
        "ndcg_at_100": 0.75644,
        "ndcg_at_1000": 0.76071,
        "ndcg_at_20": 0.73653,
        "ndcg_at_3": 0.60924,
        "ndcg_at_5": 0.63114,
        "precision_at_1": 0.60494,
        "precision_at_10": 0.37932,
        "precision_at_100": 0.04517,
        "precision_at_1000": 0.00461,
        "precision_at_20": 0.21049,
        "precision_at_3": 0.5427,
        "precision_at_5": 0.4963,
        "recall_at_1": 0.16905,
        "recall_at_10": 0.82848,
        "recall_at_100": 0.97727,
        "recall_at_1000": 0.99862,
        "recall_at_20": 0.91252,
        "recall_at_3": 0.39983,
        "recall_at_5": 0.57486
      }
    ]
  },
  "task_name": "MIRACLRetrieval"
}