{
  "dataset_revision": "main",
  "evaluation_time": 0.7530865669250488,
  "kg_co2_emissions": null,
  "mteb_version": "1.12.39",
  "scores": {
    "test": [
      {
        "hf_subset": "spanish",
        "languages": [
          "spa-Latn"
        ],
        "main_score": 0.62516,
        "map_at_1": 0.45062,
        "map_at_10": 0.5699,
        "map_at_100": 0.57783,
        "map_at_1000": 0.57809,
        "map_at_20": 0.57517,
        "map_at_3": 0.54527,
        "map_at_5": 0.56348,
        "mrr_at_1": 0.4506172839506173,
        "mrr_at_10": 0.5698951597099745,
        "mrr_at_100": 0.5778253563340834,
        "mrr_at_1000": 0.5780904721143345,
        "mrr_at_20": 0.5751654124339309,
        "mrr_at_3": 0.5452674897119342,
        "mrr_at_5": 0.563477366255144,
        "nauc_map_at_1000_diff1": 0.47158147504561854,
        "nauc_map_at_1000_max": 0.2846252256211228,
        "nauc_map_at_1000_std": -0.21398561397890511,
        "nauc_map_at_100_diff1": 0.47104672454519475,
        "nauc_map_at_100_max": 0.2841477443626458,
        "nauc_map_at_100_std": -0.21417979733131212,
        "nauc_map_at_10_diff1": 0.47043147764363746,
        "nauc_map_at_10_max": 0.28322066619786423,
        "nauc_map_at_10_std": -0.21342137225556201,
        "nauc_map_at_1_diff1": 0.5159930047869917,
        "nauc_map_at_1_max": 0.2671616904412584,
        "nauc_map_at_1_std": -0.20762998522300108,
        "nauc_map_at_20_diff1": 0.47069509555394007,
        "nauc_map_at_20_max": 0.28588555619594264,
        "nauc_map_at_20_std": -0.21384775925275834,
        "nauc_map_at_3_diff1": 0.46561689640154785,
        "nauc_map_at_3_max": 0.2906911425092011,
        "nauc_map_at_3_std": -0.21235416952194414,
        "nauc_map_at_5_diff1": 0.46514977434868937,
        "nauc_map_at_5_max": 0.2836836333775643,
        "nauc_map_at_5_std": -0.21985593354752533,
        "nauc_mrr_at_1000_diff1": 0.47158147504561854,
        "nauc_mrr_at_1000_max": 0.2846252256211228,
        "nauc_mrr_at_1000_std": -0.21398561397890511,
        "nauc_mrr_at_100_diff1": 0.47104672454519475,
        "nauc_mrr_at_100_max": 0.2841477443626458,
        "nauc_mrr_at_100_std": -0.21417979733131212,
        "nauc_mrr_at_10_diff1": 0.47043147764363746,
        "nauc_mrr_at_10_max": 0.28322066619786423,
        "nauc_mrr_at_10_std": -0.21342137225556201,
        "nauc_mrr_at_1_diff1": 0.5159930047869917,
        "nauc_mrr_at_1_max": 0.2671616904412584,
        "nauc_mrr_at_1_std": -0.20762998522300108,
        "nauc_mrr_at_20_diff1": 0.47069509555394007,
        "nauc_mrr_at_20_max": 0.28588555619594264,
        "nauc_mrr_at_20_std": -0.21384775925275834,
        "nauc_mrr_at_3_diff1": 0.46561689640154785,
        "nauc_mrr_at_3_max": 0.2906911425092011,
        "nauc_mrr_at_3_std": -0.21235416952194414,
        "nauc_mrr_at_5_diff1": 0.46514977434868937,
        "nauc_mrr_at_5_max": 0.2836836333775643,
        "nauc_mrr_at_5_std": -0.21985593354752533,
        "nauc_ndcg_at_1000_diff1": 0.46520956699217336,
        "nauc_ndcg_at_1000_max": 0.28578110100765497,
        "nauc_ndcg_at_1000_std": -0.21542629280527723,
        "nauc_ndcg_at_100_diff1": 0.4544320564375849,
        "nauc_ndcg_at_100_max": 0.2765855030819246,
        "nauc_ndcg_at_100_std": -0.2191233107644375,
        "nauc_ndcg_at_10_diff1": 0.4600379545453733,
        "nauc_ndcg_at_10_max": 0.28339731362943643,
        "nauc_ndcg_at_10_std": -0.21435398420974108,
        "nauc_ndcg_at_1_diff1": 0.5159930047869917,
        "nauc_ndcg_at_1_max": 0.2671616904412584,
        "nauc_ndcg_at_1_std": -0.20762998522300108,
        "nauc_ndcg_at_20_diff1": 0.45768823580250156,
        "nauc_ndcg_at_20_max": 0.29427860373536735,
        "nauc_ndcg_at_20_std": -0.21519079253726803,
        "nauc_ndcg_at_3_diff1": 0.4482292106322508,
        "nauc_ndcg_at_3_max": 0.29608612195325246,
        "nauc_ndcg_at_3_std": -0.2136759699400792,
        "nauc_ndcg_at_5_diff1": 0.4467652516742521,
        "nauc_ndcg_at_5_max": 0.2853455348552161,
        "nauc_ndcg_at_5_std": -0.22896542035186454,
        "nauc_precision_at_1000_diff1": 1.0,
        "nauc_precision_at_1000_max": 1.0,
        "nauc_precision_at_1000_std": 1.0,
        "nauc_precision_at_100_diff1": -0.1217695285604106,
        "nauc_precision_at_100_max": -0.20715474459372657,
        "nauc_precision_at_100_std": -0.4136878064861392,
        "nauc_precision_at_10_diff1": 0.4202599107548976,
        "nauc_precision_at_10_max": 0.28040455468536307,
        "nauc_precision_at_10_std": -0.216843775559926,
        "nauc_precision_at_1_diff1": 0.5159930047869917,
        "nauc_precision_at_1_max": 0.2671616904412584,
        "nauc_precision_at_1_std": -0.20762998522300108,
        "nauc_precision_at_20_diff1": 0.3689365293735076,
        "nauc_precision_at_20_max": 0.36795708230651636,
        "nauc_precision_at_20_std": -0.220404400545685,
        "nauc_precision_at_3_diff1": 0.38993073497721403,
        "nauc_precision_at_3_max": 0.31316408024217934,
        "nauc_precision_at_3_std": -0.21799331652477838,
        "nauc_precision_at_5_diff1": 0.37377813182159025,
        "nauc_precision_at_5_max": 0.2906700534996669,
        "nauc_precision_at_5_std": -0.2690050089055706,
        "nauc_recall_at_1000_diff1": NaN,
        "nauc_recall_at_1000_max": NaN,
        "nauc_recall_at_1000_std": NaN,
        "nauc_recall_at_100_diff1": -0.12176952856041803,
        "nauc_recall_at_100_max": -0.20715474459373226,
        "nauc_recall_at_100_std": -0.4136878064861405,
        "nauc_recall_at_10_diff1": 0.4202599107548977,
        "nauc_recall_at_10_max": 0.28040455468536213,
        "nauc_recall_at_10_std": -0.21684377555992648,
        "nauc_recall_at_1_diff1": 0.5159930047869917,
        "nauc_recall_at_1_max": 0.2671616904412584,
        "nauc_recall_at_1_std": -0.20762998522300108,
        "nauc_recall_at_20_diff1": 0.3689365293735081,
        "nauc_recall_at_20_max": 0.3679570823065182,
        "nauc_recall_at_20_std": -0.22040440054568552,
        "nauc_recall_at_3_diff1": 0.389930734977214,
        "nauc_recall_at_3_max": 0.31316408024217973,
        "nauc_recall_at_3_std": -0.21799331652477866,
        "nauc_recall_at_5_diff1": 0.3737781318215906,
        "nauc_recall_at_5_max": 0.29067005349966724,
        "nauc_recall_at_5_std": -0.26900500890557033,
        "ndcg_at_1": 0.45062,
        "ndcg_at_10": 0.62516,
        "ndcg_at_100": 0.66255,
        "ndcg_at_1000": 0.66704,
        "ndcg_at_20": 0.64405,
        "ndcg_at_3": 0.57642,
        "ndcg_at_5": 0.60936,
        "precision_at_1": 0.45062,
        "precision_at_10": 0.07963,
        "precision_at_100": 0.00969,
        "precision_at_1000": 0.001,
        "precision_at_20": 0.04352,
        "precision_at_3": 0.22222,
        "precision_at_5": 0.14938,
        "recall_at_1": 0.45062,
        "recall_at_10": 0.7963,
        "recall_at_100": 0.96914,
        "recall_at_1000": 1.0,
        "recall_at_20": 0.87037,
        "recall_at_3": 0.66667,
        "recall_at_5": 0.74691
      }
    ]
  },
  "task_name": "PublicHealthQA"
}