{
  "dataset_revision": "9cddf2ce5209ade52c2115ccfa00eb22c6d3a837",
  "evaluation_time": 0.7334530353546143,
  "kg_co2_emissions": null,
  "mteb_version": "1.12.39",
  "scores": {
    "test": [
      {
        "hf_subset": "default",
        "languages": [
          "spa-Latn"
        ],
        "main_score": 0.551,
        "map_at_1": 0.12515,
        "map_at_10": 0.35802,
        "map_at_100": 0.48558,
        "map_at_1000": 0.48563,
        "map_at_20": 0.43003,
        "map_at_3": 0.22535,
        "map_at_5": 0.27007,
        "mrr_at_1": 0.6047904191616766,
        "mrr_at_10": 0.7216424294268606,
        "mrr_at_100": 0.7234745177330595,
        "mrr_at_1000": 0.7234745177330595,
        "mrr_at_20": 0.723202334826146,
        "mrr_at_3": 0.6906187624750498,
        "mrr_at_5": 0.7118762475049899,
        "nauc_map_at_1000_diff1": 0.05381975978203124,
        "nauc_map_at_1000_max": -0.19068423396832654,
        "nauc_map_at_1000_std": -0.318257756392083,
        "nauc_map_at_100_diff1": 0.053660730261866574,
        "nauc_map_at_100_max": -0.19118672303129786,
        "nauc_map_at_100_std": -0.3184305389838363,
        "nauc_map_at_10_diff1": 0.11344249401458821,
        "nauc_map_at_10_max": -0.19522550756005838,
        "nauc_map_at_10_std": -0.32914847643995837,
        "nauc_map_at_1_diff1": 0.27443974339637023,
        "nauc_map_at_1_max": -0.17730212949483137,
        "nauc_map_at_1_std": -0.2564473616774583,
        "nauc_map_at_20_diff1": 0.07930117769894833,
        "nauc_map_at_20_max": -0.1802930168633578,
        "nauc_map_at_20_std": -0.34583445173277255,
        "nauc_map_at_3_diff1": 0.1881039453144911,
        "nauc_map_at_3_max": -0.21030530881003967,
        "nauc_map_at_3_std": -0.3099423754014957,
        "nauc_map_at_5_diff1": 0.13170493687990498,
        "nauc_map_at_5_max": -0.22908434427600463,
        "nauc_map_at_5_std": -0.2981294832568133,
        "nauc_mrr_at_1000_diff1": 0.11994067882449629,
        "nauc_mrr_at_1000_max": -0.2102138980193067,
        "nauc_mrr_at_1000_std": -0.24007590496891254,
        "nauc_mrr_at_100_diff1": 0.11994067882449629,
        "nauc_mrr_at_100_max": -0.2102138980193067,
        "nauc_mrr_at_100_std": -0.24007590496891254,
        "nauc_mrr_at_10_diff1": 0.11692622787343909,
        "nauc_mrr_at_10_max": -0.20493498023299586,
        "nauc_mrr_at_10_std": -0.23649905102789953,
        "nauc_mrr_at_1_diff1": 0.1392121458261825,
        "nauc_mrr_at_1_max": -0.18821664201771995,
        "nauc_mrr_at_1_std": -0.23329026091174443,
        "nauc_mrr_at_20_diff1": 0.11994229681720686,
        "nauc_mrr_at_20_max": -0.20909892915426817,
        "nauc_mrr_at_20_std": -0.23912599304119025,
        "nauc_mrr_at_3_diff1": 0.14360335792728132,
        "nauc_mrr_at_3_max": -0.24284187245732874,
        "nauc_mrr_at_3_std": -0.28189423457107926,
        "nauc_mrr_at_5_diff1": 0.11293581117999407,
        "nauc_mrr_at_5_max": -0.2026229103940088,
        "nauc_mrr_at_5_std": -0.22453018134673355,
        "nauc_ndcg_at_1000_diff1": 0.030303135163982697,
        "nauc_ndcg_at_1000_max": -0.17876886662009528,
        "nauc_ndcg_at_1000_std": -0.25509604138907327,
        "nauc_ndcg_at_100_diff1": 0.029390635648117548,
        "nauc_ndcg_at_100_max": -0.18163088201640037,
        "nauc_ndcg_at_100_std": -0.25606555052731217,
        "nauc_ndcg_at_10_diff1": 0.09151368894356164,
        "nauc_ndcg_at_10_max": -0.20017709824965096,
        "nauc_ndcg_at_10_std": -0.3149725548245281,
        "nauc_ndcg_at_1_diff1": 0.1392121458261825,
        "nauc_ndcg_at_1_max": -0.18821664201771995,
        "nauc_ndcg_at_1_std": -0.23329026091174443,
        "nauc_ndcg_at_20_diff1": 0.10151580946084861,
        "nauc_ndcg_at_20_max": -0.135153697771884,
        "nauc_ndcg_at_20_std": -0.33030260707323034,
        "nauc_ndcg_at_3_diff1": 0.05727923248440769,
        "nauc_ndcg_at_3_max": -0.21088672483400434,
        "nauc_ndcg_at_3_std": -0.25654855527181897,
        "nauc_ndcg_at_5_diff1": 0.03021623749759961,
        "nauc_ndcg_at_5_max": -0.22122249648860148,
        "nauc_ndcg_at_5_std": -0.23768798267938876,
        "nauc_precision_at_1000_diff1": -0.23066915579705854,
        "nauc_precision_at_1000_max": 0.007942446381149305,
        "nauc_precision_at_1000_std": 0.15358317028033047,
        "nauc_precision_at_100_diff1": -0.2314080939510637,
        "nauc_precision_at_100_max": 0.005548991016028222,
        "nauc_precision_at_100_std": 0.1527800869226724,
        "nauc_precision_at_10_diff1": -0.18645235016756934,
        "nauc_precision_at_10_max": -0.041786369257374556,
        "nauc_precision_at_10_std": -0.05408901372784425,
        "nauc_precision_at_1_diff1": 0.1392121458261825,
        "nauc_precision_at_1_max": -0.18821664201771995,
        "nauc_precision_at_1_std": -0.23329026091174443,
        "nauc_precision_at_20_diff1": -0.1824512495901429,
        "nauc_precision_at_20_max": 0.015557822145490806,
        "nauc_precision_at_20_std": -0.006436038570984637,
        "nauc_precision_at_3_diff1": -0.04841996689899454,
        "nauc_precision_at_3_max": -0.16381568438347885,
        "nauc_precision_at_3_std": -0.2043982036955689,
        "nauc_precision_at_5_diff1": -0.16389239283775092,
        "nauc_precision_at_5_max": -0.1291472834819096,
        "nauc_precision_at_5_std": -0.0877660608324423,
        "nauc_recall_at_1000_diff1": NaN,
        "nauc_recall_at_1000_max": NaN,
        "nauc_recall_at_1000_std": NaN,
        "nauc_recall_at_100_diff1": -0.5648868145417875,
        "nauc_recall_at_100_max": -1.7381069047170103,
        "nauc_recall_at_100_std": -0.5648868145417875,
        "nauc_recall_at_10_diff1": 0.1905455492088472,
        "nauc_recall_at_10_max": -0.09788611816291132,
        "nauc_recall_at_10_std": -0.3173481431102901,
        "nauc_recall_at_1_diff1": 0.27443974339637023,
        "nauc_recall_at_1_max": -0.17730212949483137,
        "nauc_recall_at_1_std": -0.2564473616774583,
        "nauc_recall_at_20_diff1": 0.17802835114290502,
        "nauc_recall_at_20_max": 0.025903791507722793,
        "nauc_recall_at_20_std": -0.3122636344963216,
        "nauc_recall_at_3_diff1": 0.21951984901917115,
        "nauc_recall_at_3_max": -0.21908808161280197,
        "nauc_recall_at_3_std": -0.33443767759447246,
        "nauc_recall_at_5_diff1": 0.13958728725002917,
        "nauc_recall_at_5_max": -0.2296194351994532,
        "nauc_recall_at_5_std": -0.2643356526944423,
        "ndcg_at_1": 0.60479,
        "ndcg_at_10": 0.551,
        "ndcg_at_100": 0.71621,
        "ndcg_at_1000": 0.71643,
        "ndcg_at_20": 0.6151,
        "ndcg_at_3": 0.52548,
        "ndcg_at_5": 0.50862,
        "precision_at_1": 0.60479,
        "precision_at_10": 0.3497,
        "precision_at_100": 0.07713,
        "precision_at_1000": 0.00772,
        "precision_at_20": 0.26078,
        "precision_at_3": 0.47505,
        "precision_at_5": 0.40359,
        "recall_at_1": 0.12515,
        "recall_at_10": 0.55869,
        "recall_at_100": 0.99925,
        "recall_at_1000": 1.0,
        "recall_at_20": 0.74321,
        "recall_at_3": 0.26642,
        "recall_at_5": 0.34408
      }
    ]
  },
  "task_name": "SpanishPassageRetrievalS2S"
}