{
  "dataset_revision": "9cddf2ce5209ade52c2115ccfa00eb22c6d3a837",
  "evaluation_time": 35.20808529853821,
  "kg_co2_emissions": null,
  "mteb_version": "1.12.39",
  "scores": {
    "test": [
      {
        "hf_subset": "default",
        "languages": [
          "spa-Latn"
        ],
        "main_score": 0.40022,
        "map_at_1": 0.12136,
        "map_at_10": 0.25995,
        "map_at_100": 0.3106,
        "map_at_1000": 0.31641,
        "map_at_20": 0.2854,
        "map_at_3": 0.18748,
        "map_at_5": 0.21553,
        "mrr_at_1": 0.47904191616766467,
        "mrr_at_10": 0.622077274023382,
        "mrr_at_100": 0.6248658217916299,
        "mrr_at_1000": 0.6249538018486397,
        "mrr_at_20": 0.6246897034400976,
        "mrr_at_3": 0.5778443113772455,
        "mrr_at_5": 0.6062874251497007,
        "nauc_map_at_1000_diff1": 0.17481769624369123,
        "nauc_map_at_1000_max": 0.3038725948186323,
        "nauc_map_at_1000_std": -0.10255554615150143,
        "nauc_map_at_100_diff1": 0.17267789022765032,
        "nauc_map_at_100_max": 0.30700987451871603,
        "nauc_map_at_100_std": -0.09714179825987225,
        "nauc_map_at_10_diff1": 0.20069185450488808,
        "nauc_map_at_10_max": 0.2662622780653073,
        "nauc_map_at_10_std": -0.1192241774184681,
        "nauc_map_at_1_diff1": 0.21289250974315124,
        "nauc_map_at_1_max": 0.12545110111780092,
        "nauc_map_at_1_std": -0.1028752945199612,
        "nauc_map_at_20_diff1": 0.18606474885693716,
        "nauc_map_at_20_max": 0.30038825477851966,
        "nauc_map_at_20_std": -0.09869602619346368,
        "nauc_map_at_3_diff1": 0.288987762214622,
        "nauc_map_at_3_max": 0.2788428478588407,
        "nauc_map_at_3_std": -0.18753651558639997,
        "nauc_map_at_5_diff1": 0.25365664689228573,
        "nauc_map_at_5_max": 0.21627409685900337,
        "nauc_map_at_5_std": -0.17479013360925522,
        "nauc_mrr_at_1000_diff1": 0.2767563064886639,
        "nauc_mrr_at_1000_max": 0.3016028919572398,
        "nauc_mrr_at_1000_std": 0.008084154687729094,
        "nauc_mrr_at_100_diff1": 0.27644928469934205,
        "nauc_mrr_at_100_max": 0.3017657479961963,
        "nauc_mrr_at_100_std": 0.008361985169690419,
        "nauc_mrr_at_10_diff1": 0.2762944123995444,
        "nauc_mrr_at_10_max": 0.30435276967992586,
        "nauc_mrr_at_10_std": 0.01057816582217488,
        "nauc_mrr_at_1_diff1": 0.24300894056136213,
        "nauc_mrr_at_1_max": 0.23854462968592624,
        "nauc_mrr_at_1_std": 0.0010662939945230519,
        "nauc_mrr_at_20_diff1": 0.27615981047608074,
        "nauc_mrr_at_20_max": 0.30180205524691694,
        "nauc_mrr_at_20_std": 0.008434891705626278,
        "nauc_mrr_at_3_diff1": 0.29970498033313375,
        "nauc_mrr_at_3_max": 0.3082515222217264,
        "nauc_mrr_at_3_std": -0.01427786597442777,
        "nauc_mrr_at_5_diff1": 0.2835610483976153,
        "nauc_mrr_at_5_max": 0.3156942547629527,
        "nauc_mrr_at_5_std": 0.023324496606770606,
        "nauc_ndcg_at_1000_diff1": 0.1230370771663956,
        "nauc_ndcg_at_1000_max": 0.3465409739859415,
        "nauc_ndcg_at_1000_std": -0.015264740677426664,
        "nauc_ndcg_at_100_diff1": 0.10504091124494593,
        "nauc_ndcg_at_100_max": 0.3549998620853102,
        "nauc_ndcg_at_100_std": 0.000900074880563761,
        "nauc_ndcg_at_10_diff1": 0.18184339234723795,
        "nauc_ndcg_at_10_max": 0.303154240769196,
        "nauc_ndcg_at_10_std": -0.05671756678632068,
        "nauc_ndcg_at_1_diff1": 0.21205148612363173,
        "nauc_ndcg_at_1_max": 0.21842581119008506,
        "nauc_ndcg_at_1_std": -0.0011402042839973113,
        "nauc_ndcg_at_20_diff1": 0.13949476386628923,
        "nauc_ndcg_at_20_max": 0.3621434264946678,
        "nauc_ndcg_at_20_std": -0.0019422089588749924,
        "nauc_ndcg_at_3_diff1": 0.26403147714353276,
        "nauc_ndcg_at_3_max": 0.342162987622103,
        "nauc_ndcg_at_3_std": -0.13658159674390835,
        "nauc_ndcg_at_5_diff1": 0.2593409224049024,
        "nauc_ndcg_at_5_max": 0.26918192892855786,
        "nauc_ndcg_at_5_std": -0.13317302867254738,
        "nauc_precision_at_1000_diff1": -0.0903314599449656,
        "nauc_precision_at_1000_max": -0.11162239348110206,
        "nauc_precision_at_1000_std": -0.0452609161716946,
        "nauc_precision_at_100_diff1": -0.17051373584965346,
        "nauc_precision_at_100_max": -0.0007441012823367824,
        "nauc_precision_at_100_std": -0.008528749137334576,
        "nauc_precision_at_10_diff1": -0.061994342754566154,
        "nauc_precision_at_10_max": 0.3935671457024858,
        "nauc_precision_at_10_std": 0.11604480905525386,
        "nauc_precision_at_1_diff1": 0.21205148612363173,
        "nauc_precision_at_1_max": 0.21842581119008506,
        "nauc_precision_at_1_std": -0.0011402042839973113,
        "nauc_precision_at_20_diff1": -0.15542018080679257,
        "nauc_precision_at_20_max": 0.3759474689244075,
        "nauc_precision_at_20_std": 0.17339314166252864,
        "nauc_precision_at_3_diff1": 0.21121253716337912,
        "nauc_precision_at_3_max": 0.4035339702892788,
        "nauc_precision_at_3_std": -0.12403982837384787,
        "nauc_precision_at_5_diff1": 0.16181069342910576,
        "nauc_precision_at_5_max": 0.27344424540782064,
        "nauc_precision_at_5_std": -0.05295984523428073,
        "nauc_recall_at_1000_diff1": -0.8608952413060788,
        "nauc_recall_at_1000_max": 0.555520517679306,
        "nauc_recall_at_1000_std": 0.9437397187521263,
        "nauc_recall_at_100_diff1": -0.18152050536218237,
        "nauc_recall_at_100_max": 0.336589092154205,
        "nauc_recall_at_100_std": 0.24167673741113904,
        "nauc_recall_at_10_diff1": 0.0487798975940694,
        "nauc_recall_at_10_max": 0.23350189467684582,
        "nauc_recall_at_10_std": -0.01309123061688193,
        "nauc_recall_at_1_diff1": 0.21289250974315124,
        "nauc_recall_at_1_max": 0.12545110111780092,
        "nauc_recall_at_1_std": -0.1028752945199612,
        "nauc_recall_at_20_diff1": 0.007304562844697699,
        "nauc_recall_at_20_max": 0.3398333384897412,
        "nauc_recall_at_20_std": 0.10588618878858275,
        "nauc_recall_at_3_diff1": 0.26275810712557457,
        "nauc_recall_at_3_max": 0.3045447078390836,
        "nauc_recall_at_3_std": -0.18955942785599803,
        "nauc_recall_at_5_diff1": 0.1707017771444248,
        "nauc_recall_at_5_max": 0.178586250643481,
        "nauc_recall_at_5_std": -0.1145911964807851,
        "ndcg_at_1": 0.48503,
        "ndcg_at_10": 0.40022,
        "ndcg_at_100": 0.53557,
        "ndcg_at_1000": 0.57595,
        "ndcg_at_20": 0.45258,
        "ndcg_at_3": 0.37121,
        "ndcg_at_5": 0.35305,
        "precision_at_1": 0.48503,
        "precision_at_10": 0.19341,
        "precision_at_100": 0.04455,
        "precision_at_1000": 0.00571,
        "precision_at_20": 0.13653,
        "precision_at_3": 0.31737,
        "precision_at_5": 0.2491,
        "recall_at_1": 0.12136,
        "recall_at_10": 0.44246,
        "recall_at_100": 0.81212,
        "recall_at_1000": 0.97224,
        "recall_at_20": 0.5674,
        "recall_at_3": 0.22785,
        "recall_at_5": 0.2958
      }
    ]
  },
  "task_name": "SpanishPassageRetrievalS2P"
}