{
  "dataset_revision": "dfe57acff5b62c23732a7b7d3e3fb84ff501708b",
  "evaluation_time": 29.802857160568237,
  "kg_co2_emissions": null,
  "mteb_version": "1.12.39",
  "scores": {
    "test": [
      {
        "hf_subset": "es",
        "languages": [
          "spa-Latn"
        ],
        "main_score": 0.11391,
        "map_at_1": 0.02953,
        "map_at_10": 0.05741,
        "map_at_100": 0.06996,
        "map_at_1000": 0.07476,
        "map_at_20": 0.0628,
        "map_at_3": 0.04403,
        "map_at_5": 0.05028,
        "mrr_at_1": 0.12251748251748251,
        "mrr_at_10": 0.17076512376512368,
        "mrr_at_100": 0.1790410148691893,
        "mrr_at_1000": 0.17984465856537252,
        "mrr_at_20": 0.17515042581287782,
        "mrr_at_3": 0.1527272727272726,
        "mrr_at_5": 0.16239160839160838,
        "nauc_map_at_1000_diff1": 0.1612100704855169,
        "nauc_map_at_1000_max": 0.2935086748048516,
        "nauc_map_at_1000_std": 0.14196019240502306,
        "nauc_map_at_100_diff1": 0.17137211337365993,
        "nauc_map_at_100_max": 0.27526210470780915,
        "nauc_map_at_100_std": 0.11680638928725205,
        "nauc_map_at_10_diff1": 0.19565626017151083,
        "nauc_map_at_10_max": 0.23122757014384315,
        "nauc_map_at_10_std": 0.05229074194568603,
        "nauc_map_at_1_diff1": 0.3380436578435557,
        "nauc_map_at_1_max": 0.203110079901594,
        "nauc_map_at_1_std": -0.01270166033547901,
        "nauc_map_at_20_diff1": 0.1860085536684612,
        "nauc_map_at_20_max": 0.24798651950929965,
        "nauc_map_at_20_std": 0.07661820524437718,
        "nauc_map_at_3_diff1": 0.2330144510282287,
        "nauc_map_at_3_max": 0.19406460035016085,
        "nauc_map_at_3_std": 0.0017753342923682548,
        "nauc_map_at_5_diff1": 0.2144721297196232,
        "nauc_map_at_5_max": 0.21085079754329356,
        "nauc_map_at_5_std": 0.02566698641579549,
        "nauc_mrr_at_1000_diff1": 0.14770886373984224,
        "nauc_mrr_at_1000_max": 0.31963158775534845,
        "nauc_mrr_at_1000_std": 0.18819227964655413,
        "nauc_mrr_at_100_diff1": 0.14773415277079638,
        "nauc_mrr_at_100_max": 0.319537217611964,
        "nauc_mrr_at_100_std": 0.18816529744849286,
        "nauc_mrr_at_10_diff1": 0.1501181595103948,
        "nauc_mrr_at_10_max": 0.3169222675278736,
        "nauc_mrr_at_10_std": 0.18283082063334768,
        "nauc_mrr_at_1_diff1": 0.18115468499232248,
        "nauc_mrr_at_1_max": 0.3397806889136678,
        "nauc_mrr_at_1_std": 0.1658503619370513,
        "nauc_mrr_at_20_diff1": 0.14868805134120933,
        "nauc_mrr_at_20_max": 0.31850158331326023,
        "nauc_mrr_at_20_std": 0.1861520033534345,
        "nauc_mrr_at_3_diff1": 0.15804128644402232,
        "nauc_mrr_at_3_max": 0.3185594808762246,
        "nauc_mrr_at_3_std": 0.17179034282213967,
        "nauc_mrr_at_5_diff1": 0.1540857979701909,
        "nauc_mrr_at_5_max": 0.3186283714720409,
        "nauc_mrr_at_5_std": 0.17757103527771706,
        "nauc_ndcg_at_1000_diff1": 0.10999158815134912,
        "nauc_ndcg_at_1000_max": 0.3610184754788345,
        "nauc_ndcg_at_1000_std": 0.25750094926754286,
        "nauc_ndcg_at_100_diff1": 0.1307037793828278,
        "nauc_ndcg_at_100_max": 0.33135261637163355,
        "nauc_ndcg_at_100_std": 0.21695871606129236,
        "nauc_ndcg_at_10_diff1": 0.12977081830271198,
        "nauc_ndcg_at_10_max": 0.30950250227500997,
        "nauc_ndcg_at_10_std": 0.17877518671002396,
        "nauc_ndcg_at_1_diff1": 0.18115468499232248,
        "nauc_ndcg_at_1_max": 0.3397806889136678,
        "nauc_ndcg_at_1_std": 0.1658503619370513,
        "nauc_ndcg_at_20_diff1": 0.13541782706417002,
        "nauc_ndcg_at_20_max": 0.3121702527593361,
        "nauc_ndcg_at_20_std": 0.18428559196571043,
        "nauc_ndcg_at_3_diff1": 0.1428900017782782,
        "nauc_ndcg_at_3_max": 0.31374537603377817,
        "nauc_ndcg_at_3_std": 0.1687037297645673,
        "nauc_ndcg_at_5_diff1": 0.13753995570708116,
        "nauc_ndcg_at_5_max": 0.3123389689639103,
        "nauc_ndcg_at_5_std": 0.1752292209633786,
        "nauc_precision_at_1000_diff1": -0.003825415502444535,
        "nauc_precision_at_1000_max": 0.35037050754482557,
        "nauc_precision_at_1000_std": 0.37288817394489954,
        "nauc_precision_at_100_diff1": -0.0132324108021303,
        "nauc_precision_at_100_max": 0.40650763331706635,
        "nauc_precision_at_100_std": 0.43041129699965003,
        "nauc_precision_at_10_diff1": 0.033258397314156196,
        "nauc_precision_at_10_max": 0.3782404718127721,
        "nauc_precision_at_10_std": 0.31297025649638965,
        "nauc_precision_at_1_diff1": 0.18115468499232248,
        "nauc_precision_at_1_max": 0.3397806889136678,
        "nauc_precision_at_1_std": 0.1658503619370513,
        "nauc_precision_at_20_diff1": 0.02701840684484534,
        "nauc_precision_at_20_max": 0.3955754328490449,
        "nauc_precision_at_20_std": 0.36081012062446083,
        "nauc_precision_at_3_diff1": 0.10120861831508274,
        "nauc_precision_at_3_max": 0.3468428373617635,
        "nauc_precision_at_3_std": 0.21715860028934014,
        "nauc_precision_at_5_diff1": 0.07110599666506763,
        "nauc_precision_at_5_max": 0.3660227973444863,
        "nauc_precision_at_5_std": 0.26126822517518505,
        "nauc_recall_at_1000_diff1": 0.0342446660161427,
        "nauc_recall_at_1000_max": 0.3098589528746264,
        "nauc_recall_at_1000_std": 0.26470617700102994,
        "nauc_recall_at_100_diff1": 0.08358166475596025,
        "nauc_recall_at_100_max": 0.2595311563939461,
        "nauc_recall_at_100_std": 0.1953398756643907,
        "nauc_recall_at_10_diff1": 0.13016954503726516,
        "nauc_recall_at_10_max": 0.2002695011248594,
        "nauc_recall_at_10_std": 0.07209450481962243,
        "nauc_recall_at_1_diff1": 0.3380436578435557,
        "nauc_recall_at_1_max": 0.203110079901594,
        "nauc_recall_at_1_std": -0.01270166033547901,
        "nauc_recall_at_20_diff1": 0.11671393287554412,
        "nauc_recall_at_20_max": 0.22006499378322855,
        "nauc_recall_at_20_std": 0.11081240526690561,
        "nauc_recall_at_3_diff1": 0.18545848499760495,
        "nauc_recall_at_3_max": 0.15898831872374544,
        "nauc_recall_at_3_std": -0.0040334668773936,
        "nauc_recall_at_5_diff1": 0.16462629048779595,
        "nauc_recall_at_5_max": 0.1814579572416329,
        "nauc_recall_at_5_std": 0.036938541398785274,
        "ndcg_at_1": 0.12252,
        "ndcg_at_10": 0.11391,
        "ndcg_at_100": 0.14273,
        "ndcg_at_1000": 0.18983,
        "ndcg_at_20": 0.11946,
        "ndcg_at_3": 0.11073,
        "ndcg_at_5": 0.11109,
        "precision_at_1": 0.12252,
        "precision_at_10": 0.06459,
        "precision_at_100": 0.02492,
        "precision_at_1000": 0.00813,
        "precision_at_20": 0.0499,
        "precision_at_3": 0.09091,
        "precision_at_5": 0.08022,
        "recall_at_1": 0.02953,
        "recall_at_10": 0.10379,
        "recall_at_100": 0.2451,
        "recall_at_1000": 0.47167,
        "recall_at_20": 0.13715,
        "recall_at_3": 0.05671,
        "recall_at_5": 0.07438
      }
    ]
  },
  "task_name": "XMarket"
}