{
  "dataset_revision": "51adfef1c1287aab1d2d91b5bead9bcfb9c68583",
  "evaluation_time": 1.5398015975952148,
  "kg_co2_emissions": null,
  "mteb_version": "1.12.39",
  "scores": {
    "validation": [
      {
        "hf_subset": "es",
        "languages": [
          "spa-Latn"
        ],
        "main_score": 0.81996,
        "map_at_1": 0.69426,
        "map_at_10": 0.78093,
        "map_at_100": 0.78341,
        "map_at_1000": 0.78344,
        "map_at_20": 0.7828,
        "map_at_3": 0.76647,
        "map_at_5": 0.77466,
        "mrr_at_1": 0.6942567567567568,
        "mrr_at_10": 0.7809269090519098,
        "mrr_at_100": 0.7834057642532574,
        "mrr_at_1000": 0.7834406039241898,
        "mrr_at_20": 0.7827964137392358,
        "mrr_at_3": 0.7664695945945951,
        "mrr_at_5": 0.7746621621621632,
        "nauc_map_at_1000_diff1": 0.682361430556322,
        "nauc_map_at_1000_max": 0.5987455232553652,
        "nauc_map_at_1000_std": 0.1772064138044479,
        "nauc_map_at_100_diff1": 0.6823622349748709,
        "nauc_map_at_100_max": 0.5987999694453191,
        "nauc_map_at_100_std": 0.17726577977481656,
        "nauc_map_at_10_diff1": 0.6811910996505279,
        "nauc_map_at_10_max": 0.6017949199843236,
        "nauc_map_at_10_std": 0.18003233778196964,
        "nauc_map_at_1_diff1": 0.7126079025170393,
        "nauc_map_at_1_max": 0.5367549909069829,
        "nauc_map_at_1_std": 0.11457848335910233,
        "nauc_map_at_20_diff1": 0.6821182916911805,
        "nauc_map_at_20_max": 0.5996575558910002,
        "nauc_map_at_20_std": 0.17833042230511117,
        "nauc_map_at_3_diff1": 0.6770826242196856,
        "nauc_map_at_3_max": 0.6061538214452007,
        "nauc_map_at_3_std": 0.17848750874741787,
        "nauc_map_at_5_diff1": 0.6775773048235915,
        "nauc_map_at_5_max": 0.6070061871516373,
        "nauc_map_at_5_std": 0.18520158007017573,
        "nauc_mrr_at_1000_diff1": 0.682361430556322,
        "nauc_mrr_at_1000_max": 0.5987455232553652,
        "nauc_mrr_at_1000_std": 0.1772064138044479,
        "nauc_mrr_at_100_diff1": 0.6823622349748709,
        "nauc_mrr_at_100_max": 0.5987999694453191,
        "nauc_mrr_at_100_std": 0.17726577977481656,
        "nauc_mrr_at_10_diff1": 0.6811910996505279,
        "nauc_mrr_at_10_max": 0.6017949199843236,
        "nauc_mrr_at_10_std": 0.18003233778196964,
        "nauc_mrr_at_1_diff1": 0.7126079025170393,
        "nauc_mrr_at_1_max": 0.5367549909069829,
        "nauc_mrr_at_1_std": 0.11457848335910233,
        "nauc_mrr_at_20_diff1": 0.6821182916911805,
        "nauc_mrr_at_20_max": 0.5996575558910002,
        "nauc_mrr_at_20_std": 0.17833042230511117,
        "nauc_mrr_at_3_diff1": 0.6770826242196856,
        "nauc_mrr_at_3_max": 0.6061538214452007,
        "nauc_mrr_at_3_std": 0.17848750874741787,
        "nauc_mrr_at_5_diff1": 0.6775773048235915,
        "nauc_mrr_at_5_max": 0.6070061871516373,
        "nauc_mrr_at_5_std": 0.18520158007017573,
        "nauc_ndcg_at_1000_diff1": 0.6785754642491914,
        "nauc_ndcg_at_1000_max": 0.6087848290724543,
        "nauc_ndcg_at_1000_std": 0.1891955615960067,
        "nauc_ndcg_at_100_diff1": 0.6785903767510317,
        "nauc_ndcg_at_100_max": 0.610172463196193,
        "nauc_ndcg_at_100_std": 0.19103978580765613,
        "nauc_ndcg_at_10_diff1": 0.6724031346447155,
        "nauc_ndcg_at_10_max": 0.6268815971907553,
        "nauc_ndcg_at_10_std": 0.20860309293305795,
        "nauc_ndcg_at_1_diff1": 0.7126079025170393,
        "nauc_ndcg_at_1_max": 0.5367549909069829,
        "nauc_ndcg_at_1_std": 0.11457848335910233,
        "nauc_ndcg_at_20_diff1": 0.6769201863671689,
        "nauc_ndcg_at_20_max": 0.6184069159328102,
        "nauc_ndcg_at_20_std": 0.20214797348019276,
        "nauc_ndcg_at_3_diff1": 0.6630539009829314,
        "nauc_ndcg_at_3_max": 0.6353436004116547,
        "nauc_ndcg_at_3_std": 0.20543586115633475,
        "nauc_ndcg_at_5_diff1": 0.6623986780411254,
        "nauc_ndcg_at_5_max": 0.6387947419517314,
        "nauc_ndcg_at_5_std": 0.22075268144907895,
        "nauc_precision_at_1000_diff1": 1.0,
        "nauc_precision_at_1000_max": 1.0,
        "nauc_precision_at_1000_std": 1.0,
        "nauc_precision_at_100_diff1": 0.6814575739502011,
        "nauc_precision_at_100_max": 0.9074134048855836,
        "nauc_precision_at_100_std": 0.6032706496077938,
        "nauc_precision_at_10_diff1": 0.6035201453464304,
        "nauc_precision_at_10_max": 0.8510671696238781,
        "nauc_precision_at_10_std": 0.4696112604147858,
        "nauc_precision_at_1_diff1": 0.7126079025170393,
        "nauc_precision_at_1_max": 0.5367549909069829,
        "nauc_precision_at_1_std": 0.11457848335910233,
        "nauc_precision_at_20_diff1": 0.6387732048550764,
        "nauc_precision_at_20_max": 0.8791975405034081,
        "nauc_precision_at_20_std": 0.5661507482817274,
        "nauc_precision_at_3_diff1": 0.6020384014625442,
        "nauc_precision_at_3_max": 0.7631652002016415,
        "nauc_precision_at_3_std": 0.3234730924741548,
        "nauc_precision_at_5_diff1": 0.5784653632603379,
        "nauc_precision_at_5_max": 0.8141749373855437,
        "nauc_precision_at_5_std": 0.42015965008045586,
        "nauc_recall_at_1000_diff1": NaN,
        "nauc_recall_at_1000_max": NaN,
        "nauc_recall_at_1000_std": NaN,
        "nauc_recall_at_100_diff1": 0.6814575739502193,
        "nauc_recall_at_100_max": 0.9074134048855995,
        "nauc_recall_at_100_std": 0.6032706496078215,
        "nauc_recall_at_10_diff1": 0.6035201453464307,
        "nauc_recall_at_10_max": 0.851067169623881,
        "nauc_recall_at_10_std": 0.4696112604147857,
        "nauc_recall_at_1_diff1": 0.7126079025170393,
        "nauc_recall_at_1_max": 0.5367549909069829,
        "nauc_recall_at_1_std": 0.11457848335910233,
        "nauc_recall_at_20_diff1": 0.6387732048550856,
        "nauc_recall_at_20_max": 0.8791975405034081,
        "nauc_recall_at_20_std": 0.5661507482817295,
        "nauc_recall_at_3_diff1": 0.6020384014625456,
        "nauc_recall_at_3_max": 0.7631652002016434,
        "nauc_recall_at_3_std": 0.32347309247415523,
        "nauc_recall_at_5_diff1": 0.5784653632603376,
        "nauc_recall_at_5_max": 0.8141749373855456,
        "nauc_recall_at_5_std": 0.420159650080459,
        "ndcg_at_1": 0.69426,
        "ndcg_at_10": 0.81996,
        "ndcg_at_100": 0.83165,
        "ndcg_at_1000": 0.83235,
        "ndcg_at_20": 0.82679,
        "ndcg_at_3": 0.79001,
        "ndcg_at_5": 0.80487,
        "precision_at_1": 0.69426,
        "precision_at_10": 0.09409,
        "precision_at_100": 0.00995,
        "precision_at_1000": 0.001,
        "precision_at_20": 0.0484,
        "precision_at_3": 0.28604,
        "precision_at_5": 0.17889,
        "recall_at_1": 0.69426,
        "recall_at_10": 0.94088,
        "recall_at_100": 0.99493,
        "recall_at_1000": 1.0,
        "recall_at_20": 0.96791,
        "recall_at_3": 0.85811,
        "recall_at_5": 0.89443
      }
    ]
  },
  "task_name": "XQuADRetrieval"
}