{
  "dataset_revision": "d80d48c1eb48d3562165c59d59d0034df9fff0bf",
  "mteb_dataset_name": "MTOPDomainClassification",
  "mteb_version": "1.1.1",
  "test": {
    "es": {
      "accuracy": 0.6983655770513677,
      "accuracy_stderr": 0.01705774648629189,
      "f1": 0.6954179269281322,
      "f1_stderr": 0.014475827923814345,
      "main_score": 0.6983655770513677
    },
    "evaluation_time": 28.81
  },
  "validation": {
    "es": {
      "accuracy": 0.7032743942370662,
      "accuracy_stderr": 0.02680119186208919,
      "f1": 0.7051810035522595,
      "f1_stderr": 0.026870602586277877,
      "main_score": 0.7032743942370662
    },
    "evaluation_time": 18.88
  }
}