{
  "dataset_revision": "ae001d0e6b1228650b7bd1c2c65fb50ad11a8aba",
  "mteb_dataset_name": "MTOPIntentClassification",
  "mteb_version": "1.1.1",
  "test": {
    "es": {
      "accuracy": 0.4206470980653769,
      "accuracy_stderr": 0.016341812730608463,
      "f1": 0.28080057864363395,
      "f1_stderr": 0.009827048392585197,
      "main_score": 0.4206470980653769
    },
    "evaluation_time": 91.18
  },
  "validation": {
    "es": {
      "accuracy": 0.43575638506876224,
      "accuracy_stderr": 0.014179904031318599,
      "f1": 0.2657820980345229,
      "f1_stderr": 0.010098206033812574,
      "main_score": 0.43575638506876224
    },
    "evaluation_time": 81.01
  }
}