{
  "dataset_revision": "af5e6fb845001ecf41f4c1e033ce921939a2a68d",
  "mteb_dataset_name": "STS17",
  "mteb_version": "1.1.1",
  "test": {
    "es-es": {
      "cos_sim": {
        "pearson": 0.7289229131253915,
        "spearman": 0.7471156922260873
      },
      "euclidean": {
        "pearson": 0.7674848009173773,
        "spearman": 0.7490253318999661
      },
      "manhattan": {
        "pearson": 0.7632879736586534,
        "spearman": 0.7413210498100508
      }
    },
    "evaluation_time": 2.99
  }
}