{
  "dataset_revision": "6d1ba47164174a496b7fa5d3569dae26a6813b80",
  "mteb_dataset_name": "STS22",
  "mteb_version": "1.1.1",
  "test": {
    "es": {
      "cos_sim": {
        "pearson": 0.5541274847731279,
        "spearman": 0.5982212065438565
      },
      "euclidean": {
        "pearson": 0.5984247086566415,
        "spearman": 0.6007911312824832
      },
      "manhattan": {
        "pearson": 0.6144051524166955,
        "spearman": 0.600705222369792
      }
    },
    "evaluation_time": 72.89
  }
}