{
  "dataset_revision": "7d571f92784cd94a019292a1f45445077d0ef634",
  "mteb_dataset_name": "MassiveScenarioClassification",
  "mteb_version": "1.1.1",
  "test": {
    "es": {
      "accuracy": 0.6315736381977135,
      "accuracy_stderr": 0.023991228111496374,
      "f1": 0.6187879288483872,
      "f1_stderr": 0.029297826712910608,
      "main_score": 0.6315736381977135
    },
    "evaluation_time": 13.73
  },
  "validation": {
    "es": {
      "accuracy": 0.6404328578455485,
      "accuracy_stderr": 0.02103055418242199,
      "f1": 0.6294436344078532,
      "f1_stderr": 0.024175338470107617,
      "main_score": 0.6404328578455485
    },
    "evaluation_time": 11.13
  }
}