{
  "dataset_revision": "ae001d0e6b1228650b7bd1c2c65fb50ad11a8aba",
  "mteb_dataset_name": "MTOPIntentClassification",
  "mteb_version": "1.1.1",
  "test": {
    "es": {
      "accuracy": 0.5578719146097397,
      "accuracy_stderr": 0.02852213349340353,
      "f1": 0.33306268129587935,
      "f1_stderr": 0.00834922730212183,
      "main_score": 0.5578719146097397
    },
    "evaluation_time": 29.62
  },
  "validation": {
    "es": {
      "accuracy": 0.5832351015062214,
      "accuracy_stderr": 0.02775357703168613,
      "f1": 0.3752971400492529,
      "f1_stderr": 0.014946187517278737,
      "main_score": 0.5832351015062214
    },
    "evaluation_time": 25.88
  }
}