{
  "dataset_revision": "af5e6fb845001ecf41f4c1e033ce921939a2a68d",
  "mteb_dataset_name": "STS17",
  "mteb_version": "1.1.1",
  "test": {
    "es-es": {
      "cos_sim": {
        "pearson": 0.8594136782189745,
        "spearman": 0.8527229300623234
      },
      "euclidean": {
        "pearson": 0.8622721965774063,
        "spearman": 0.8527294323049455
      },
      "manhattan": {
        "pearson": 0.8630467713825977,
        "spearman": 0.8562747186954948
      }
    },
    "evaluation_time": 1.28
  }
}