{
  "dataset_revision": "31efe3c427b0bae9c22cbb560b8f15491cc6bed7",
  "mteb_dataset_name": "MassiveIntentClassification",
  "mteb_version": "1.1.1",
  "test": {
    "es": {
      "accuracy": 0.584969737726967,
      "accuracy_stderr": 0.013962208387043002,
      "f1": 0.5749275038392078,
      "f1_stderr": 0.0109764564691608,
      "main_score": 0.584969737726967
    },
    "evaluation_time": 58.33
  },
  "validation": {
    "es": {
      "accuracy": 0.5975405804230203,
      "accuracy_stderr": 0.008188943933755735,
      "f1": 0.5861008946633441,
      "f1_stderr": 0.01052282467632772,
      "main_score": 0.5975405804230203
    },
    "evaluation_time": 54.38
  }
}