Type,Name,Request Count,Failure Count,Median Response Time,Average Response Time,Min Response Time,Max Response Time,Average Content Size,Requests/s,Failures/s,50%,66%,75%,80%,90%,95%,98%,99%,99.9%,99.99%,100%
GET,/aqa,3525,49,11000.0,11458.114285116599,8.411416999990706,32071.805625000023,13588.644822695036,12.065553609404489,0.16771975230094183,11000,13000,14000,17000,21000,23000,26000,26000,32000,32000,32000
,Aggregated,3525,49,11000.0,11458.114285116599,8.411416999990706,32071.805625000023,13588.644822695036,12.065553609404489,0.16771975230094183,11000,13000,14000,17000,21000,23000,26000,26000,32000,32000,32000
