Type,Name,Request Count,Failure Count,Median Response Time,Average Response Time,Min Response Time,Max Response Time,Average Content Size,Requests/s,Failures/s,50%,66%,75%,80%,90%,95%,98%,99%,99.9%,99.99%,100%
GET,/qa,110,0,80000.0,110124.43718445454,5342.831416,228389.20708300004,13780.0,0.36826503149218837,0.0,84000,155000,176000,193000,202000,214000,220000,224000,228000,228000,228000
,Aggregated,110,0,80000.0,110124.43718445454,5342.831416,228389.20708300004,13780.0,0.36826503149218837,0.0,84000,155000,176000,193000,202000,214000,220000,224000,228000,228000,228000
