Type,Name,Request Count,Failure Count,Median Response Time,Average Response Time,Min Response Time,Max Response Time,Average Content Size,Requests/s,Failures/s,50%,66%,75%,80%,90%,95%,98%,99%,99.9%,99.99%,100%
GET,/aqa,18,0,5300.0,5349.600280277776,5259.814042,5824.726167,13780.0,0.1849910355610521,0.0,5300,5300,5400,5400,5500,5800,5800,5800,5800,5800,5800
,Aggregated,18,0,5300.0,5349.600280277776,5259.814042,5824.726167,13780.0,0.1849910355610521,0.0,5300,5300,5400,5400,5500,5800,5800,5800,5800,5800,5800
