Type,Name,Request Count,Failure Count,Median Response Time,Average Response Time,Min Response Time,Max Response Time,Average Content Size,Requests/s,Failures/s,50%,66%,75%,80%,90%,95%,98%,99%,99.9%,99.99%,100%
GET,/qa,18,0,5400.0,5396.147113222223,5283.173665999996,5591.686541000001,13780.0,0.18341122514186337,0.0,5400,5400,5400,5400,5500,5600,5600,5600,5600,5600,5600
,Aggregated,18,0,5400.0,5396.147113222223,5283.173665999996,5591.686541000001,13780.0,0.18341122514186337,0.0,5400,5400,5400,5400,5500,5600,5600,5600,5600,5600,5600
